,First Name,Last Name
0,Dulce,Abril
1,Mara,Hashimoto
2,Philip,Gent
3,Kathleen,Hanner
4,Nereida,Magwood
5,Gaston,Brumm
6,Etta,Not Available
7,Earlean,Melgar
8,Vincenza,Weiland
9,Fallon,Winward
10,Arcelia,Bouska
11,Franklyn,Unknow
12,Sherron,Ascencio
13,Marcel,Zabriskie
14,Kina,Hazelton
15,Shavonne,Pia
16,Shavon,Benito
17,Lauralee,Perrine
18,Loreta,Curren
19,Teresa,Strawn
20,Belinda,Partain
21,Holly,Eudy
22,Many,Cuccia
23,Libbie,Dalby
24,Lester,Prothro
25,Marvel,Hail
26,Angelyn,Vong
27,Francesca,Beaudreau
28,Garth,Gangi
29,Carla,Trumbull
30,Veta,Muntz
31,Stasia,Becker
32,Jona,Grindle
33,Judie,Claywell
34,Dewitt,Borger
35,Nena,Hacker
36,Kelsie,Wachtel
37,Sau,Pfau
38,Shanice,Mccrystal
39,Chase,Karner
40,Tommie,Underdahl
41,Dorcas,Darity
42,Angel,Sanor
43,Willodean,Harn
44,Weston,Martina
45,Roma,Lafollette
46,Felisa,Cail
47,Demetria,Abbey
48,Jeromy,Danz
49,Rasheeda,Alkire
50,Dulce,Abril
51,Mara,Hashimoto
52,Philip,Gent
53,Kathleen,Hanner
54,Nereida,Magwood
55,Gaston,Brumm
56,Etta,Hurn
57,Earlean,Melgar
58,Vincenza,Weiland
59,Fallon,Winward
60,Arcelia,Bouska
61,Franklyn,Unknow
62,Sherron,Ascencio
63,Marcel,Zabriskie
64,Kina,Hazelton
65,Shavonne,Pia
66,Shavon,Benito
67,Lauralee,Perrine
68,Loreta,Curren
69,Teresa,Strawn
70,Belinda,Partain
71,Holly,Eudy
72,Many,Cuccia
73,Libbie,Dalby
74,Lester,Prothro
75,Marvel,Hail
76,Angelyn,Vong
77,Francesca,Beaudreau
78,Garth,Gangi
79,Carla,Trumbull
80,Veta,Muntz
81,Stasia,Becker
82,Jona,Grindle
83,Judie,Claywell
84,Dewitt,Borger
85,Nena,Hacker
86,Kelsie,Wachtel
87,Sau,Pfau
88,Shanice,Mccrystal
89,Chase,Karner
90,Tommie,Underdahl
91,Dorcas,Darity
92,Angel,Sanor
93,Willodean,Harn
94,Weston,Martina
95,Roma,Lafollette
96,Felisa,Cail
97,Demetria,Abbey
98,Jeromy,Danz
99,Rasheeda,Alkire
100,Dulce,Abril
101,Mara,Hashimoto
102,Philip,Gent
103,Kathleen,Hanner
104,Nereida,Magwood
105,Gaston,Brumm
106,Etta,Hurn
107,Earlean,Melgar
108,Vincenza,Weiland
109,Fallon,Winward
110,Arcelia,Bouska
111,Franklyn,Unknow
112,Sherron,Ascencio
113,Marcel,Zabriskie
114,Kina,Hazelton
115,Shavonne,Pia
116,Shavon,Benito
117,Lauralee,Perrine
118,Loreta,Curren
119,Teresa,Strawn
120,Belinda,Partain
121,Holly,Eudy
122,Many,Cuccia
123,Libbie,Dalby
124,Lester,Prothro
125,Marvel,Hail
126,Angelyn,Vong
127,Francesca,Beaudreau
128,Garth,Gangi
129,Carla,Trumbull
130,Veta,Muntz
131,Stasia,Becker
132,Jona,Grindle
133,Judie,Claywell
134,Dewitt,Borger
135,Nena,Hacker
136,Kelsie,Wachtel
137,Sau,Pfau
138,Shanice,Mccrystal
139,Chase,Karner
140,Tommie,Underdahl
141,Dorcas,Darity
142,Angel,Sanor
143,Willodean,Harn
144,Weston,Martina
145,Roma,Lafollette
146,Felisa,Cail
147,Demetria,Abbey
148,Jeromy,Danz
149,Rasheeda,Alkire
150,Dulce,Abril
151,Mara,Hashimoto
152,Philip,Gent
153,Kathleen,Hanner
154,Nereida,Magwood
155,Gaston,Brumm
156,Etta,Hurn
157,Earlean,Melgar
158,Vincenza,Weiland
159,Fallon,Winward
160,Arcelia,Bouska
161,Franklyn,Unknow
162,Sherron,Ascencio
163,Marcel,Zabriskie
164,Kina,Hazelton
165,Shavonne,Pia
166,Shavon,Benito
167,Lauralee,Perrine
168,Loreta,Curren
169,Teresa,Strawn
170,Belinda,Partain
171,Holly,Eudy
172,Many,Cuccia
173,Libbie,Dalby
174,Lester,Prothro
175,Marvel,Hail
176,Angelyn,Vong
177,Francesca,Beaudreau
178,Garth,Gangi
179,Carla,Trumbull
180,Veta,Muntz
181,Stasia,Becker
182,Jona,Grindle
183,Judie,Claywell
184,Dewitt,Borger
185,Nena,Hacker
186,Kelsie,Wachtel
187,Sau,Pfau
188,Shanice,Mccrystal
189,Chase,Karner
190,Tommie,Underdahl
191,Dorcas,Darity
192,Angel,Sanor
193,Willodean,Harn
194,Weston,Martina
195,Roma,Lafollette
196,Felisa,Cail
197,Demetria,Abbey
198,Jeromy,Danz
199,Rasheeda,Alkire
200,Dulce,Abril
201,Mara,Hashimoto
202,Philip,Gent
203,Kathleen,Hanner
204,Nereida,Magwood
205,Gaston,Brumm
206,Etta,Hurn
207,Earlean,Melgar
208,Vincenza,Weiland
209,Fallon,Winward
210,Arcelia,Bouska
211,Franklyn,Unknow
212,Sherron,Ascencio
213,Marcel,Zabriskie
214,Kina,Hazelton
215,Shavonne,Pia
216,Shavon,Benito
217,Lauralee,Perrine
218,Loreta,Curren
219,Teresa,Strawn
220,Belinda,Partain
221,Holly,Eudy
222,Many,Cuccia
223,Libbie,Dalby
224,Lester,Prothro
225,Marvel,Hail
226,Angelyn,Vong
227,Francesca,Beaudreau
228,Garth,Gangi
229,Carla,Trumbull
230,Veta,Muntz
231,Stasia,Becker
232,Jona,Grindle
233,Judie,Claywell
234,Dewitt,Borger
235,Nena,Hacker
236,Kelsie,Wachtel
237,Sau,Pfau
238,Shanice,Mccrystal
239,Chase,Karner
240,Tommie,Underdahl
241,Dorcas,Darity
242,Angel,Sanor
243,Willodean,Harn
244,Weston,Martina
245,Roma,Lafollette
246,Felisa,Cail
247,Demetria,Abbey
248,Jeromy,Danz
249,Rasheeda,Alkire
250,Dulce,Abril
251,Mara,Hashimoto
252,Philip,Gent
253,Kathleen,Hanner
254,Nereida,Magwood
255,Gaston,Brumm
256,Etta,Hurn
257,Earlean,Melgar
258,Vincenza,Weiland
259,Fallon,Winward
260,Arcelia,Bouska
261,Franklyn,Unknow
262,Sherron,Ascencio
263,Marcel,Zabriskie
264,Kina,Hazelton
265,Shavonne,Pia
266,Shavon,Benito
267,Lauralee,Perrine
268,Loreta,Curren
269,Teresa,Strawn
270,Belinda,Partain
271,Holly,Eudy
272,Many,Cuccia
273,Libbie,Dalby
274,Lester,Prothro
275,Marvel,Hail
276,Angelyn,Vong
277,Francesca,Beaudreau
278,Garth,Gangi
279,Carla,Trumbull
280,Veta,Muntz
281,Stasia,Becker
282,Jona,Grindle
283,Judie,Claywell
284,Dewitt,Borger
285,Nena,Hacker
286,Kelsie,Wachtel
287,Sau,Pfau
288,Shanice,Mccrystal
289,Chase,Karner
290,Tommie,Underdahl
291,Dorcas,Darity
292,Angel,Sanor
293,Willodean,Harn
294,Weston,Martina
295,Roma,Lafollette
296,Felisa,Cail
297,Demetria,Abbey
298,Jeromy,Danz
299,Rasheeda,Alkire
300,Dulce,Abril
301,Mara,Hashimoto
302,Philip,Gent
303,Kathleen,Hanner
304,Nereida,Magwood
305,Gaston,Brumm
306,Etta,Hurn
307,Earlean,Melgar
308,Vincenza,Weiland
309,Fallon,Winward
310,Arcelia,Bouska
311,Franklyn,Unknow
312,Sherron,Ascencio
313,Marcel,Zabriskie
314,Kina,Hazelton
315,Shavonne,Pia
316,Shavon,Benito
317,Lauralee,Perrine
318,Loreta,Curren
319,Teresa,Strawn
320,Belinda,Partain
321,Holly,Eudy
322,Many,Cuccia
323,Libbie,Dalby
324,Lester,Prothro
325,Marvel,Hail
326,Angelyn,Vong
327,Francesca,Beaudreau
328,Garth,Gangi
329,Carla,Trumbull
330,Veta,Muntz
331,Stasia,Becker
332,Jona,Grindle
333,Judie,Claywell
334,Dewitt,Borger
335,Nena,Hacker
336,Kelsie,Wachtel
337,Sau,Pfau
338,Shanice,Mccrystal
339,Chase,Karner
340,Tommie,Underdahl
341,Dorcas,Darity
342,Angel,Sanor
343,Willodean,Harn
344,Weston,Martina
345,Roma,Lafollette
346,Felisa,Cail
347,Demetria,Abbey
348,Jeromy,Danz
349,Rasheeda,Alkire
350,Dulce,Abril
351,Mara,Hashimoto
352,Philip,Gent
353,Kathleen,Hanner
354,Nereida,Magwood
355,Gaston,Brumm
356,Etta,Hurn
357,Earlean,Melgar
358,Vincenza,Weiland
359,Fallon,Winward
360,Arcelia,Bouska
361,Franklyn,Unknow
362,Sherron,Ascencio
363,Marcel,Zabriskie
364,Kina,Hazelton
365,Shavonne,Pia
366,Shavon,Benito
367,Lauralee,Perrine
368,Loreta,Curren
369,Teresa,Strawn
370,Belinda,Partain
371,Holly,Eudy
372,Many,Cuccia
373,Libbie,Dalby
374,Lester,Prothro
375,Marvel,Hail
376,Angelyn,Vong
377,Francesca,Beaudreau
378,Garth,Gangi
379,Carla,Trumbull
380,Veta,Muntz
381,Stasia,Becker
382,Jona,Grindle
383,Judie,Claywell
384,Dewitt,Borger
385,Nena,Hacker
386,Kelsie,Wachtel
387,Sau,Pfau
388,Shanice,Mccrystal
389,Chase,Karner
390,Tommie,Underdahl
391,Dorcas,Darity
392,Angel,Sanor
393,Willodean,Harn
394,Weston,Martina
395,Roma,Lafollette
396,Felisa,Cail
397,Demetria,Abbey
398,Jeromy,Danz
399,Rasheeda,Alkire
400,Dulce,Abril
401,Mara,Hashimoto
402,Philip,Gent
403,Kathleen,Hanner
404,Nereida,Magwood
405,Gaston,Brumm
406,Etta,Hurn
407,Earlean,Melgar
408,Vincenza,Weiland
409,Fallon,Winward
410,Arcelia,Bouska
411,Franklyn,Unknow
412,Sherron,Ascencio
413,Marcel,Zabriskie
414,Kina,Hazelton
415,Shavonne,Pia
416,Shavon,Benito
417,Lauralee,Perrine
418,Loreta,Curren
419,Teresa,Strawn
420,Belinda,Partain
421,Holly,Eudy
422,Many,Cuccia
423,Libbie,Dalby
424,Lester,Prothro
425,Marvel,Hail
426,Angelyn,Vong
427,Francesca,Beaudreau
428,Garth,Gangi
429,Carla,Trumbull
430,Veta,Muntz
431,Stasia,Becker
432,Jona,Grindle
433,Judie,Claywell
434,Dewitt,Borger
435,Nena,Hacker
436,Kelsie,Wachtel
437,Sau,Pfau
438,Shanice,Mccrystal
439,Chase,Karner
440,Tommie,Underdahl
441,Dorcas,Darity
442,Angel,Sanor
443,Willodean,Harn
444,Weston,Martina
445,Roma,Lafollette
446,Felisa,Cail
447,Demetria,Abbey
448,Jeromy,Danz
449,Rasheeda,Alkire
450,Dulce,Abril
451,Mara,Hashimoto
452,Philip,Gent
453,Kathleen,Hanner
454,Nereida,Magwood
455,Gaston,Brumm
456,Etta,Hurn
457,Earlean,Melgar
458,Vincenza,Weiland
459,Fallon,Winward
460,Arcelia,Bouska
461,Franklyn,Unknow
462,Sherron,Ascencio
463,Marcel,Zabriskie
464,Kina,Hazelton
465,Shavonne,Pia
466,Shavon,Benito
467,Lauralee,Perrine
468,Loreta,Curren
469,Teresa,Strawn
470,Belinda,Partain
471,Holly,Eudy
472,Many,Cuccia
473,Libbie,Dalby
474,Lester,Prothro
475,Marvel,Hail
476,Angelyn,Vong
477,Francesca,Beaudreau
478,Garth,Gangi
479,Carla,Trumbull
480,Veta,Muntz
481,Stasia,Becker
482,Jona,Grindle
483,Judie,Claywell
484,Dewitt,Borger
485,Nena,Hacker
486,Kelsie,Wachtel
487,Sau,Pfau
488,Shanice,Mccrystal
489,Chase,Karner
490,Tommie,Underdahl
491,Dorcas,Darity
492,Angel,Sanor
493,Willodean,Harn
494,Weston,Martina
495,Roma,Lafollette
496,Felisa,Cail
497,Demetria,Abbey
498,Jeromy,Danz
499,Rasheeda,Alkire
500,Dulce,Abril
501,Mara,Hashimoto
502,Philip,Gent
503,Kathleen,Hanner
504,Nereida,Magwood
505,Gaston,Brumm
506,Etta,Hurn
507,Earlean,Melgar
508,Vincenza,Weiland
509,Fallon,Winward
510,Arcelia,Bouska
511,Franklyn,Unknow
512,Sherron,Ascencio
513,Marcel,Zabriskie
514,Kina,Hazelton
515,Shavonne,Pia
516,Shavon,Benito
517,Lauralee,Perrine
518,Loreta,Curren
519,Teresa,Strawn
520,Belinda,Partain
521,Holly,Eudy
522,Many,Cuccia
523,Libbie,Dalby
524,Lester,Prothro
525,Marvel,Hail
526,Angelyn,Vong
527,Francesca,Beaudreau
528,Garth,Gangi
529,Carla,Trumbull
530,Veta,Muntz
531,Stasia,Becker
532,Jona,Grindle
533,Judie,Claywell
534,Dewitt,Borger
535,Nena,Hacker
536,Kelsie,Wachtel
537,Sau,Pfau
538,Shanice,Mccrystal
539,Chase,Karner
540,Tommie,Underdahl
541,Dorcas,Darity
542,Angel,Sanor
543,Willodean,Harn
544,Weston,Martina
545,Roma,Lafollette
546,Felisa,Cail
547,Demetria,Abbey
548,Jeromy,Danz
549,Rasheeda,Alkire
550,Dulce,Abril
551,Mara,Hashimoto
552,Philip,Gent
553,Kathleen,Hanner
554,Nereida,Magwood
555,Gaston,Brumm
556,Etta,Hurn
557,Earlean,Melgar
558,Vincenza,Weiland
559,Fallon,Winward
560,Arcelia,Bouska
561,Franklyn,Unknow
562,Sherron,Ascencio
563,Marcel,Zabriskie
564,Kina,Hazelton
565,Shavonne,Pia
566,Shavon,Benito
567,Lauralee,Perrine
568,Loreta,Curren
569,Teresa,Strawn
570,Belinda,Partain
571,Holly,Eudy
572,Many,Cuccia
573,Libbie,Dalby
574,Lester,Prothro
575,Marvel,Hail
576,Angelyn,Vong
577,Francesca,Beaudreau
578,Garth,Gangi
579,Carla,Trumbull
580,Veta,Muntz
581,Stasia,Becker
582,Jona,Grindle
583,Judie,Claywell
584,Dewitt,Borger
585,Nena,Hacker
586,Kelsie,Wachtel
587,Sau,Pfau
588,Shanice,Mccrystal
589,Chase,Karner
590,Tommie,Underdahl
591,Dorcas,Darity
592,Angel,Sanor
593,Willodean,Harn
594,Weston,Martina
595,Roma,Lafollette
596,Felisa,Cail
597,Demetria,Abbey
598,Jeromy,Danz
599,Rasheeda,Alkire
600,Dulce,Abril
601,Mara,Hashimoto
602,Philip,Gent
603,Kathleen,Hanner
604,Nereida,Magwood
605,Gaston,Brumm
606,Etta,Hurn
607,Earlean,Melgar
608,Vincenza,Weiland
609,Fallon,Winward
610,Arcelia,Bouska
611,Franklyn,Unknow
612,Sherron,Ascencio
613,Marcel,Zabriskie
614,Kina,Hazelton
615,Shavonne,Pia
616,Shavon,Benito
617,Lauralee,Perrine
618,Loreta,Curren
619,Teresa,Strawn
620,Belinda,Partain
621,Holly,Eudy
622,Many,Cuccia
623,Libbie,Dalby
624,Lester,Prothro
625,Marvel,Hail
626,Angelyn,Vong
627,Francesca,Beaudreau
628,Garth,Gangi
629,Carla,Trumbull
630,Veta,Muntz
631,Stasia,Becker
632,Jona,Grindle
633,Judie,Claywell
634,Dewitt,Borger
635,Nena,Hacker
636,Kelsie,Wachtel
637,Sau,Pfau
638,Shanice,Mccrystal
639,Chase,Karner
640,Tommie,Underdahl
641,Dorcas,Darity
642,Angel,Sanor
643,Willodean,Harn
644,Weston,Martina
645,Roma,Lafollette
646,Felisa,Cail
647,Demetria,Abbey
648,Jeromy,Danz
649,Rasheeda,Alkire
650,Dulce,Abril
651,Mara,Hashimoto
652,Philip,Gent
653,Kathleen,Hanner
654,Nereida,Magwood
655,Gaston,Brumm
656,Etta,Hurn
657,Earlean,Melgar
658,Vincenza,Weiland
659,Fallon,Winward
660,Arcelia,Bouska
661,Franklyn,Unknow
662,Sherron,Ascencio
663,Marcel,Zabriskie
664,Kina,Hazelton
665,Shavonne,Pia
666,Shavon,Benito
667,Lauralee,Perrine
668,Loreta,Curren
669,Teresa,Strawn
670,Belinda,Partain
671,Holly,Eudy
672,Many,Cuccia
673,Libbie,Dalby
674,Lester,Prothro
675,Marvel,Hail
676,Angelyn,Vong
677,Francesca,Beaudreau
678,Garth,Gangi
679,Carla,Trumbull
680,Veta,Muntz
681,Stasia,Becker
682,Jona,Grindle
683,Judie,Claywell
684,Dewitt,Borger
685,Nena,Hacker
686,Kelsie,Wachtel
687,Sau,Pfau
688,Shanice,Mccrystal
689,Chase,Karner
690,Tommie,Underdahl
691,Dorcas,Darity
692,Angel,Sanor
693,Willodean,Harn
694,Weston,Martina
695,Roma,Lafollette
696,Felisa,Cail
697,Demetria,Abbey
698,Jeromy,Danz
699,Rasheeda,Alkire
700,Dulce,Abril
701,Mara,Hashimoto
702,Philip,Gent
703,Kathleen,Hanner
704,Nereida,Magwood
705,Gaston,Brumm
706,Etta,Hurn
707,Earlean,Melgar
708,Vincenza,Weiland
709,Fallon,Winward
710,Arcelia,Bouska
711,Franklyn,Unknow
712,Sherron,Ascencio
713,Marcel,Zabriskie
714,Kina,Hazelton
715,Shavonne,Pia
716,Shavon,Benito
717,Lauralee,Perrine
718,Loreta,Curren
719,Teresa,Strawn
720,Belinda,Partain
721,Holly,Eudy
722,Many,Cuccia
723,Libbie,Dalby
724,Lester,Prothro
725,Marvel,Hail
726,Angelyn,Vong
727,Francesca,Beaudreau
728,Garth,Gangi
729,Carla,Trumbull
730,Veta,Muntz
731,Stasia,Becker
732,Jona,Grindle
733,Judie,Claywell
734,Dewitt,Borger
735,Nena,Hacker
736,Kelsie,Wachtel
737,Sau,Pfau
738,Shanice,Mccrystal
739,Chase,Karner
740,Tommie,Underdahl
741,Dorcas,Darity
742,Angel,Sanor
743,Willodean,Harn
744,Weston,Martina
745,Roma,Lafollette
746,Felisa,Cail
747,Demetria,Abbey
748,Jeromy,Danz
749,Rasheeda,Alkire
750,Dulce,Abril
751,Mara,Hashimoto
752,Philip,Gent
753,Kathleen,Hanner
754,Nereida,Magwood
755,Gaston,Brumm
756,Etta,Hurn
757,Earlean,Melgar
758,Vincenza,Weiland
759,Fallon,Winward
760,Arcelia,Bouska
761,Franklyn,Unknow
762,Sherron,Ascencio
763,Marcel,Zabriskie
764,Kina,Hazelton
765,Shavonne,Pia
766,Shavon,Benito
767,Lauralee,Perrine
768,Loreta,Curren
769,Teresa,Strawn
770,Belinda,Partain
771,Holly,Eudy
772,Many,Cuccia
773,Libbie,Dalby
774,Lester,Prothro
775,Marvel,Hail
776,Angelyn,Vong
777,Francesca,Beaudreau
778,Garth,Gangi
779,Carla,Trumbull
780,Veta,Muntz
781,Stasia,Becker
782,Jona,Grindle
783,Judie,Claywell
784,Dewitt,Borger
785,Nena,Hacker
786,Kelsie,Wachtel
787,Sau,Pfau
788,Shanice,Mccrystal
789,Chase,Karner
790,Tommie,Underdahl
791,Dorcas,Darity
792,Angel,Sanor
793,Willodean,Harn
794,Weston,Martina
795,Roma,Lafollette
796,Felisa,Cail
797,Demetria,Abbey
798,Jeromy,Danz
799,Rasheeda,Alkire
800,Dulce,Abril
801,Mara,Hashimoto
802,Philip,Gent
803,Kathleen,Hanner
804,Nereida,Magwood
805,Gaston,Brumm
806,Etta,Hurn
807,Earlean,Melgar
808,Vincenza,Weiland
809,Fallon,Winward
810,Arcelia,Bouska
811,Franklyn,Unknow
812,Sherron,Ascencio
813,Marcel,Zabriskie
814,Kina,Hazelton
815,Shavonne,Pia
816,Shavon,Benito
817,Lauralee,Perrine
818,Loreta,Curren
819,Teresa,Strawn
820,Belinda,Partain
821,Holly,Eudy
822,Many,Cuccia
823,Libbie,Dalby
824,Lester,Prothro
825,Marvel,Hail
826,Angelyn,Vong
827,Francesca,Beaudreau
828,Garth,Gangi
829,Carla,Trumbull
830,Veta,Muntz
831,Stasia,Becker
832,Jona,Grindle
833,Judie,Claywell
834,Dewitt,Borger
835,Nena,Hacker
836,Kelsie,Wachtel
837,Sau,Pfau
838,Shanice,Mccrystal
839,Chase,Karner
840,Tommie,Underdahl
841,Dorcas,Darity
842,Angel,Sanor
843,Willodean,Harn
844,Weston,Martina
845,Roma,Lafollette
846,Felisa,Cail
847,Demetria,Abbey
848,Jeromy,Danz
849,Rasheeda,Alkire
850,Dulce,Abril
851,Mara,Hashimoto
852,Philip,Gent
853,Kathleen,Hanner
854,Nereida,Magwood
855,Gaston,Brumm
856,Etta,Hurn
857,Earlean,Melgar
858,Vincenza,Weiland
859,Fallon,Winward
860,Arcelia,Bouska
861,Franklyn,Unknow
862,Sherron,Ascencio
863,Marcel,Zabriskie
864,Kina,Hazelton
865,Shavonne,Pia
866,Shavon,Benito
867,Lauralee,Perrine
868,Loreta,Curren
869,Teresa,Strawn
870,Belinda,Partain
871,Holly,Eudy
872,Many,Cuccia
873,Libbie,Dalby
874,Lester,Prothro
875,Marvel,Hail
876,Angelyn,Vong
877,Francesca,Beaudreau
878,Garth,Gangi
879,Carla,Trumbull
880,Veta,Muntz
881,Stasia,Becker
882,Jona,Grindle
883,Judie,Claywell
884,Dewitt,Borger
885,Nena,Hacker
886,Kelsie,Wachtel
887,Sau,Pfau
888,Shanice,Mccrystal
889,Chase,Karner
890,Tommie,Underdahl
891,Dorcas,Darity
892,Angel,Sanor
893,Willodean,Harn
894,Weston,Martina
895,Roma,Lafollette
896,Felisa,Cail
897,Demetria,Abbey
898,Jeromy,Danz
899,Rasheeda,Alkire
900,Dulce,Abril
901,Mara,Hashimoto
902,Philip,Gent
903,Kathleen,Hanner
904,Nereida,Magwood
905,Gaston,Brumm
906,Etta,Hurn
907,Earlean,Melgar
908,Vincenza,Weiland
909,Fallon,Winward
910,Arcelia,Bouska
911,Franklyn,Unknow
912,Sherron,Ascencio
913,Marcel,Zabriskie
914,Kina,Hazelton
915,Shavonne,Pia
916,Shavon,Benito
917,Lauralee,Perrine
918,Loreta,Curren
919,Teresa,Strawn
920,Belinda,Partain
921,Holly,Eudy
922,Many,Cuccia
923,Libbie,Dalby
924,Lester,Prothro
925,Marvel,Hail
926,Angelyn,Vong
927,Francesca,Beaudreau
928,Garth,Gangi
929,Carla,Trumbull
930,Veta,Muntz
931,Stasia,Becker
932,Jona,Grindle
933,Judie,Claywell
934,Dewitt,Borger
935,Nena,Hacker
936,Kelsie,Wachtel
937,Sau,Pfau
938,Shanice,Mccrystal
939,Chase,Karner
940,Tommie,Underdahl
941,Dorcas,Darity
942,Angel,Sanor
943,Willodean,Harn
944,Weston,Martina
945,Roma,Lafollette
946,Felisa,Cail
947,Demetria,Abbey
948,Jeromy,Danz
949,Rasheeda,Alkire
950,Dulce,Abril
951,Mara,Hashimoto
952,Philip,Gent
953,Kathleen,Hanner
954,Nereida,Magwood
955,Gaston,Brumm
956,Etta,Hurn
957,Earlean,Melgar
958,Vincenza,Weiland
959,Fallon,Winward
960,Arcelia,Bouska
961,Franklyn,Unknow
962,Sherron,Ascencio
963,Marcel,Zabriskie
964,Kina,Hazelton
965,Shavonne,Pia
966,Shavon,Benito
967,Lauralee,Perrine
968,Loreta,Curren
969,Teresa,Strawn
970,Belinda,Partain
971,Holly,Eudy
972,Many,Cuccia
973,Libbie,Dalby
974,Lester,Prothro
975,Marvel,Hail
976,Angelyn,Vong
977,Francesca,Beaudreau
978,Garth,Gangi
979,Carla,Trumbull
980,Veta,Muntz
981,Stasia,Becker
982,Jona,Grindle
983,Judie,Claywell
984,Dewitt,Borger
985,Nena,Hacker
986,Kelsie,Wachtel
987,Sau,Pfau
988,Shanice,Mccrystal
989,Chase,Karner
990,Tommie,Underdahl
991,Dorcas,Darity
992,Angel,Sanor
993,Willodean,Harn
994,Weston,Martina
995,Roma,Lafollette
996,Felisa,Cail
997,Demetria,Abbey
998,Jeromy,Danz
999,Rasheeda,Alkire
1000,Dulce,Abril
1001,Mara,Hashimoto
1002,Philip,Gent
1003,Kathleen,Hanner
1004,Nereida,Magwood
1005,Gaston,Brumm
1006,Etta,Hurn
1007,Earlean,Melgar
1008,Vincenza,Weiland
1009,Fallon,Winward
1010,Arcelia,Bouska
1011,Franklyn,Unknow
1012,Sherron,Ascencio
1013,Marcel,Zabriskie
1014,Kina,Hazelton
1015,Shavonne,Pia
1016,Shavon,Benito
1017,Lauralee,Perrine
1018,Loreta,Curren
1019,Teresa,Strawn
1020,Belinda,Partain
1021,Holly,Eudy
1022,Many,Cuccia
1023,Libbie,Dalby
1024,Lester,Prothro
1025,Marvel,Hail
1026,Angelyn,Vong
1027,Francesca,Beaudreau
1028,Garth,Gangi
1029,Carla,Trumbull
1030,Veta,Muntz
1031,Stasia,Becker
1032,Jona,Grindle
1033,Judie,Claywell
1034,Dewitt,Borger
1035,Nena,Hacker
1036,Kelsie,Wachtel
1037,Sau,Pfau
1038,Shanice,Mccrystal
1039,Chase,Karner
1040,Tommie,Underdahl
1041,Dorcas,Darity
1042,Angel,Sanor
1043,Willodean,Harn
1044,Weston,Martina
1045,Roma,Lafollette
1046,Felisa,Cail
1047,Demetria,Abbey
1048,Jeromy,Danz
1049,Rasheeda,Alkire
1050,Dulce,Abril
1051,Mara,Hashimoto
1052,Philip,Gent
1053,Kathleen,Hanner
1054,Nereida,Magwood
1055,Gaston,Brumm
1056,Etta,Hurn
1057,Earlean,Melgar
1058,Vincenza,Weiland
1059,Fallon,Winward
1060,Arcelia,Bouska
1061,Franklyn,Unknow
1062,Sherron,Ascencio
1063,Marcel,Zabriskie
1064,Kina,Hazelton
1065,Shavonne,Pia
1066,Shavon,Benito
1067,Lauralee,Perrine
1068,Loreta,Curren
1069,Teresa,Strawn
1070,Belinda,Partain
1071,Holly,Eudy
1072,Many,Cuccia
1073,Libbie,Dalby
1074,Lester,Prothro
1075,Marvel,Hail
1076,Angelyn,Vong
1077,Francesca,Beaudreau
1078,Garth,Gangi
1079,Carla,Trumbull
1080,Veta,Muntz
1081,Stasia,Becker
1082,Jona,Grindle
1083,Judie,Claywell
1084,Dewitt,Borger
1085,Nena,Hacker
1086,Kelsie,Wachtel
1087,Sau,Pfau
1088,Shanice,Mccrystal
1089,Chase,Karner
1090,Tommie,Underdahl
1091,Dorcas,Darity
1092,Angel,Sanor
1093,Willodean,Harn
1094,Weston,Martina
1095,Roma,Lafollette
1096,Felisa,Cail
1097,Demetria,Abbey
1098,Jeromy,Danz
1099,Rasheeda,Alkire
1100,Dulce,Abril
1101,Mara,Hashimoto
1102,Philip,Gent
1103,Kathleen,Hanner
1104,Nereida,Magwood
1105,Gaston,Brumm
1106,Etta,Hurn
1107,Earlean,Melgar
1108,Vincenza,Weiland
1109,Fallon,Winward
1110,Arcelia,Bouska
1111,Franklyn,Unknow
1112,Sherron,Ascencio
1113,Marcel,Zabriskie
1114,Kina,Hazelton
1115,Shavonne,Pia
1116,Shavon,Benito
1117,Lauralee,Perrine
1118,Loreta,Curren
1119,Teresa,Strawn
1120,Belinda,Partain
1121,Holly,Eudy
1122,Many,Cuccia
1123,Libbie,Dalby
1124,Lester,Prothro
1125,Marvel,Hail
1126,Angelyn,Vong
1127,Francesca,Beaudreau
1128,Garth,Gangi
1129,Carla,Trumbull
1130,Veta,Muntz
1131,Stasia,Becker
1132,Jona,Grindle
1133,Judie,Claywell
1134,Dewitt,Borger
1135,Nena,Hacker
1136,Kelsie,Wachtel
1137,Sau,Pfau
1138,Shanice,Mccrystal
1139,Chase,Karner
1140,Tommie,Underdahl
1141,Dorcas,Darity
1142,Angel,Sanor
1143,Willodean,Harn
1144,Weston,Martina
1145,Roma,Lafollette
1146,Felisa,Cail
1147,Demetria,Abbey
1148,Jeromy,Danz
1149,Rasheeda,Alkire
1150,Dulce,Abril
1151,Mara,Hashimoto
1152,Philip,Gent
1153,Kathleen,Hanner
1154,Nereida,Magwood
1155,Gaston,Brumm
1156,Etta,Hurn
1157,Earlean,Melgar
1158,Vincenza,Weiland
1159,Fallon,Winward
1160,Arcelia,Bouska
1161,Franklyn,Unknow
1162,Sherron,Ascencio
1163,Marcel,Zabriskie
1164,Kina,Hazelton
1165,Shavonne,Pia
1166,Shavon,Benito
1167,Lauralee,Perrine
1168,Loreta,Curren
1169,Teresa,Strawn
1170,Belinda,Partain
1171,Holly,Eudy
1172,Many,Cuccia
1173,Libbie,Dalby
1174,Lester,Prothro
1175,Marvel,Hail
1176,Angelyn,Vong
1177,Francesca,Beaudreau
1178,Garth,Gangi
1179,Carla,Trumbull
1180,Veta,Muntz
1181,Stasia,Becker
1182,Jona,Grindle
1183,Judie,Claywell
1184,Dewitt,Borger
1185,Nena,Hacker
1186,Kelsie,Wachtel
1187,Sau,Pfau
1188,Shanice,Mccrystal
1189,Chase,Karner
1190,Tommie,Underdahl
1191,Dorcas,Darity
1192,Angel,Sanor
1193,Willodean,Harn
1194,Weston,Martina
1195,Roma,Lafollette
1196,Felisa,Cail
1197,Demetria,Abbey
1198,Jeromy,Danz
1199,Rasheeda,Alkire
1200,Dulce,Abril
1201,Mara,Hashimoto
1202,Philip,Gent
1203,Kathleen,Hanner
1204,Nereida,Magwood
1205,Gaston,Brumm
1206,Etta,Hurn
1207,Earlean,Melgar
1208,Vincenza,Weiland
1209,Fallon,Winward
1210,Arcelia,Bouska
1211,Franklyn,Unknow
1212,Sherron,Ascencio
1213,Marcel,Zabriskie
1214,Kina,Hazelton
1215,Shavonne,Pia
1216,Shavon,Benito
1217,Lauralee,Perrine
1218,Loreta,Curren
1219,Teresa,Strawn
1220,Belinda,Partain
1221,Holly,Eudy
1222,Many,Cuccia
1223,Libbie,Dalby
1224,Lester,Prothro
1225,Marvel,Hail
1226,Angelyn,Vong
1227,Francesca,Beaudreau
1228,Garth,Gangi
1229,Carla,Trumbull
1230,Veta,Muntz
1231,Stasia,Becker
1232,Jona,Grindle
1233,Judie,Claywell
1234,Dewitt,Borger
1235,Nena,Hacker
1236,Kelsie,Wachtel
1237,Sau,Pfau
1238,Shanice,Mccrystal
1239,Chase,Karner
1240,Tommie,Underdahl
1241,Dorcas,Darity
1242,Angel,Sanor
1243,Willodean,Harn
1244,Weston,Martina
1245,Roma,Lafollette
1246,Felisa,Cail
1247,Demetria,Abbey
1248,Jeromy,Danz
1249,Rasheeda,Alkire
1250,Dulce,Abril
1251,Mara,Hashimoto
1252,Philip,Gent
1253,Kathleen,Hanner
1254,Nereida,Magwood
1255,Gaston,Brumm
1256,Etta,Hurn
1257,Earlean,Melgar
1258,Vincenza,Weiland
1259,Fallon,Winward
1260,Arcelia,Bouska
1261,Franklyn,Unknow
1262,Sherron,Ascencio
1263,Marcel,Zabriskie
1264,Kina,Hazelton
1265,Shavonne,Pia
1266,Shavon,Benito
1267,Lauralee,Perrine
1268,Loreta,Curren
1269,Teresa,Strawn
1270,Belinda,Partain
1271,Holly,Eudy
1272,Many,Cuccia
1273,Libbie,Dalby
1274,Lester,Prothro
1275,Marvel,Hail
1276,Angelyn,Vong
1277,Francesca,Beaudreau
1278,Garth,Gangi
1279,Carla,Trumbull
1280,Veta,Muntz
1281,Stasia,Becker
1282,Jona,Grindle
1283,Judie,Claywell
1284,Dewitt,Borger
1285,Nena,Hacker
1286,Kelsie,Wachtel
1287,Sau,Pfau
1288,Shanice,Mccrystal
1289,Chase,Karner
1290,Tommie,Underdahl
1291,Dorcas,Darity
1292,Angel,Sanor
1293,Willodean,Harn
1294,Weston,Martina
1295,Roma,Lafollette
1296,Felisa,Cail
1297,Demetria,Abbey
1298,Jeromy,Danz
1299,Rasheeda,Alkire
1300,Dulce,Abril
1301,Mara,Hashimoto
1302,Philip,Gent
1303,Kathleen,Hanner
1304,Nereida,Magwood
1305,Gaston,Brumm
1306,Etta,Hurn
1307,Earlean,Melgar
1308,Vincenza,Weiland
1309,Fallon,Winward
1310,Arcelia,Bouska
1311,Franklyn,Unknow
1312,Sherron,Ascencio
1313,Marcel,Zabriskie
1314,Kina,Hazelton
1315,Shavonne,Pia
1316,Shavon,Benito
1317,Lauralee,Perrine
1318,Loreta,Curren
1319,Teresa,Strawn
1320,Belinda,Partain
1321,Holly,Eudy
1322,Many,Cuccia
1323,Libbie,Dalby
1324,Lester,Prothro
1325,Marvel,Hail
1326,Angelyn,Vong
1327,Francesca,Beaudreau
1328,Garth,Gangi
1329,Carla,Trumbull
1330,Veta,Muntz
1331,Stasia,Becker
1332,Jona,Grindle
1333,Judie,Claywell
1334,Dewitt,Borger
1335,Nena,Hacker
1336,Kelsie,Wachtel
1337,Sau,Pfau
1338,Shanice,Mccrystal
1339,Chase,Karner
1340,Tommie,Underdahl
1341,Dorcas,Darity
1342,Angel,Sanor
1343,Willodean,Harn
1344,Weston,Martina
1345,Roma,Lafollette
1346,Felisa,Cail
1347,Demetria,Abbey
1348,Jeromy,Danz
1349,Rasheeda,Alkire
1350,Dulce,Abril
1351,Mara,Hashimoto
1352,Philip,Gent
1353,Kathleen,Hanner
1354,Nereida,Magwood
1355,Gaston,Brumm
1356,Etta,Hurn
1357,Earlean,Melgar
1358,Vincenza,Weiland
1359,Fallon,Winward
1360,Arcelia,Bouska
1361,Franklyn,Unknow
1362,Sherron,Ascencio
1363,Marcel,Zabriskie
1364,Kina,Hazelton
1365,Shavonne,Pia
1366,Shavon,Benito
1367,Lauralee,Perrine
1368,Loreta,Curren
1369,Teresa,Strawn
1370,Belinda,Partain
1371,Holly,Eudy
1372,Many,Cuccia
1373,Libbie,Dalby
1374,Lester,Prothro
1375,Marvel,Hail
1376,Angelyn,Vong
1377,Francesca,Beaudreau
1378,Garth,Gangi
1379,Carla,Trumbull
1380,Veta,Muntz
1381,Stasia,Becker
1382,Jona,Grindle
1383,Judie,Claywell
1384,Dewitt,Borger
1385,Nena,Hacker
1386,Kelsie,Wachtel
1387,Sau,Pfau
1388,Shanice,Mccrystal
1389,Chase,Karner
1390,Tommie,Underdahl
1391,Dorcas,Darity
1392,Angel,Sanor
1393,Willodean,Harn
1394,Weston,Martina
1395,Roma,Lafollette
1396,Felisa,Cail
1397,Demetria,Abbey
1398,Jeromy,Danz
1399,Rasheeda,Alkire
1400,Dulce,Abril
1401,Mara,Hashimoto
1402,Philip,Gent
1403,Kathleen,Hanner
1404,Nereida,Magwood
1405,Gaston,Brumm
1406,Etta,Hurn
1407,Earlean,Melgar
1408,Vincenza,Weiland
1409,Fallon,Winward
1410,Arcelia,Bouska
1411,Franklyn,Unknow
1412,Sherron,Ascencio
1413,Marcel,Zabriskie
1414,Kina,Hazelton
1415,Shavonne,Pia
1416,Shavon,Benito
1417,Lauralee,Perrine
1418,Loreta,Curren
1419,Teresa,Strawn
1420,Belinda,Partain
1421,Holly,Eudy
1422,Many,Cuccia
1423,Libbie,Dalby
1424,Lester,Prothro
1425,Marvel,Hail
1426,Angelyn,Vong
1427,Francesca,Beaudreau
1428,Garth,Gangi
1429,Carla,Trumbull
1430,Veta,Muntz
1431,Stasia,Becker
1432,Jona,Grindle
1433,Judie,Claywell
1434,Dewitt,Borger
1435,Nena,Hacker
1436,Kelsie,Wachtel
1437,Sau,Pfau
1438,Shanice,Mccrystal
1439,Chase,Karner
1440,Tommie,Underdahl
1441,Dorcas,Darity
1442,Angel,Sanor
1443,Willodean,Harn
1444,Weston,Martina
1445,Roma,Lafollette
1446,Felisa,Cail
1447,Demetria,Abbey
1448,Jeromy,Danz
1449,Rasheeda,Alkire
1450,Dulce,Abril
1451,Mara,Hashimoto
1452,Philip,Gent
1453,Kathleen,Hanner
1454,Nereida,Magwood
1455,Gaston,Brumm
1456,Etta,Hurn
1457,Earlean,Melgar
1458,Vincenza,Weiland
1459,Fallon,Winward
1460,Arcelia,Bouska
1461,Franklyn,Unknow
1462,Sherron,Ascencio
1463,Marcel,Zabriskie
1464,Kina,Hazelton
1465,Shavonne,Pia
1466,Shavon,Benito
1467,Lauralee,Perrine
1468,Loreta,Curren
1469,Teresa,Strawn
1470,Belinda,Partain
1471,Holly,Eudy
1472,Many,Cuccia
1473,Libbie,Dalby
1474,Lester,Prothro
1475,Marvel,Hail
1476,Angelyn,Vong
1477,Francesca,Beaudreau
1478,Garth,Gangi
1479,Carla,Trumbull
1480,Veta,Muntz
1481,Stasia,Becker
1482,Jona,Grindle
1483,Judie,Claywell
1484,Dewitt,Borger
1485,Nena,Hacker
1486,Kelsie,Wachtel
1487,Sau,Pfau
1488,Shanice,Mccrystal
1489,Chase,Karner
1490,Tommie,Underdahl
1491,Dorcas,Darity
1492,Angel,Sanor
1493,Willodean,Harn
1494,Weston,Martina
1495,Roma,Lafollette
1496,Felisa,Cail
1497,Demetria,Abbey
1498,Jeromy,Danz
1499,Rasheeda,Alkire
1500,Dulce,Abril
1501,Mara,Hashimoto
1502,Philip,Gent
1503,Kathleen,Hanner
1504,Nereida,Magwood
1505,Gaston,Brumm
1506,Etta,Hurn
1507,Earlean,Melgar
1508,Vincenza,Weiland
1509,Fallon,Winward
1510,Arcelia,Bouska
1511,Franklyn,Unknow
1512,Sherron,Ascencio
1513,Marcel,Zabriskie
1514,Kina,Hazelton
1515,Shavonne,Pia
1516,Shavon,Benito
1517,Lauralee,Perrine
1518,Loreta,Curren
1519,Teresa,Strawn
1520,Belinda,Partain
1521,Holly,Eudy
1522,Many,Cuccia
1523,Libbie,Dalby
1524,Lester,Prothro
1525,Marvel,Hail
1526,Angelyn,Vong
1527,Francesca,Beaudreau
1528,Garth,Gangi
1529,Carla,Trumbull
1530,Veta,Muntz
1531,Stasia,Becker
1532,Jona,Grindle
1533,Judie,Claywell
1534,Dewitt,Borger
1535,Nena,Hacker
1536,Kelsie,Wachtel
1537,Sau,Pfau
1538,Shanice,Mccrystal
1539,Chase,Karner
1540,Tommie,Underdahl
1541,Dorcas,Darity
1542,Angel,Sanor
1543,Willodean,Harn
1544,Weston,Martina
1545,Roma,Lafollette
1546,Felisa,Cail
1547,Demetria,Abbey
1548,Jeromy,Danz
1549,Rasheeda,Alkire
1550,Dulce,Abril
1551,Mara,Hashimoto
1552,Philip,Gent
1553,Kathleen,Hanner
1554,Nereida,Magwood
1555,Gaston,Brumm
1556,Etta,Hurn
1557,Earlean,Melgar
1558,Vincenza,Weiland
1559,Fallon,Winward
1560,Arcelia,Bouska
1561,Franklyn,Unknow
1562,Sherron,Ascencio
1563,Marcel,Zabriskie
1564,Kina,Hazelton
1565,Shavonne,Pia
1566,Shavon,Benito
1567,Lauralee,Perrine
1568,Loreta,Curren
1569,Teresa,Strawn
1570,Belinda,Partain
1571,Holly,Eudy
1572,Many,Cuccia
1573,Libbie,Dalby
1574,Lester,Prothro
1575,Marvel,Hail
1576,Angelyn,Vong
1577,Francesca,Beaudreau
1578,Garth,Gangi
1579,Carla,Trumbull
1580,Veta,Muntz
1581,Stasia,Becker
1582,Jona,Grindle
1583,Judie,Claywell
1584,Dewitt,Borger
1585,Nena,Hacker
1586,Kelsie,Wachtel
1587,Sau,Pfau
1588,Shanice,Mccrystal
1589,Chase,Karner
1590,Tommie,Underdahl
1591,Dorcas,Darity
1592,Angel,Sanor
1593,Willodean,Harn
1594,Weston,Martina
1595,Roma,Lafollette
1596,Felisa,Cail
1597,Demetria,Abbey
1598,Jeromy,Danz
1599,Rasheeda,Alkire
1600,Dulce,Abril
1601,Mara,Hashimoto
1602,Philip,Gent
1603,Kathleen,Hanner
1604,Nereida,Magwood
1605,Gaston,Brumm
1606,Etta,Hurn
1607,Earlean,Melgar
1608,Vincenza,Weiland
1609,Fallon,Winward
1610,Arcelia,Bouska
1611,Franklyn,Unknow
1612,Sherron,Ascencio
1613,Marcel,Zabriskie
1614,Kina,Hazelton
1615,Shavonne,Pia
1616,Shavon,Benito
1617,Lauralee,Perrine
1618,Loreta,Curren
1619,Teresa,Strawn
1620,Belinda,Partain
1621,Holly,Eudy
1622,Many,Cuccia
1623,Libbie,Dalby
1624,Lester,Prothro
1625,Marvel,Hail
1626,Angelyn,Vong
1627,Francesca,Beaudreau
1628,Garth,Gangi
1629,Carla,Trumbull
1630,Veta,Muntz
1631,Stasia,Becker
1632,Jona,Grindle
1633,Judie,Claywell
1634,Dewitt,Borger
1635,Nena,Hacker
1636,Kelsie,Wachtel
1637,Sau,Pfau
1638,Shanice,Mccrystal
1639,Chase,Karner
1640,Tommie,Underdahl
1641,Dorcas,Darity
1642,Angel,Sanor
1643,Willodean,Harn
1644,Weston,Martina
1645,Roma,Lafollette
1646,Felisa,Cail
1647,Demetria,Abbey
1648,Jeromy,Danz
1649,Rasheeda,Alkire
1650,Dulce,Abril
1651,Mara,Hashimoto
1652,Philip,Gent
1653,Kathleen,Hanner
1654,Nereida,Magwood
1655,Gaston,Brumm
1656,Etta,Hurn
1657,Earlean,Melgar
1658,Vincenza,Weiland
1659,Fallon,Winward
1660,Arcelia,Bouska
1661,Franklyn,Unknow
1662,Sherron,Ascencio
1663,Marcel,Zabriskie
1664,Kina,Hazelton
1665,Shavonne,Pia
1666,Shavon,Benito
1667,Lauralee,Perrine
1668,Loreta,Curren
1669,Teresa,Strawn
1670,Belinda,Partain
1671,Holly,Eudy
1672,Many,Cuccia
1673,Libbie,Dalby
1674,Lester,Prothro
1675,Marvel,Hail
1676,Angelyn,Vong
1677,Francesca,Beaudreau
1678,Garth,Gangi
1679,Carla,Trumbull
1680,Veta,Muntz
1681,Stasia,Becker
1682,Jona,Grindle
1683,Judie,Claywell
1684,Dewitt,Borger
1685,Nena,Hacker
1686,Kelsie,Wachtel
1687,Sau,Pfau
1688,Shanice,Mccrystal
1689,Chase,Karner
1690,Tommie,Underdahl
1691,Dorcas,Darity
1692,Angel,Sanor
1693,Willodean,Harn
1694,Weston,Martina
1695,Roma,Lafollette
1696,Felisa,Cail
1697,Demetria,Abbey
1698,Jeromy,Danz
1699,Rasheeda,Alkire
1700,Dulce,Abril
1701,Mara,Hashimoto
1702,Philip,Gent
1703,Kathleen,Hanner
1704,Nereida,Magwood
1705,Gaston,Brumm
1706,Etta,Hurn
1707,Earlean,Melgar
1708,Vincenza,Weiland
1709,Fallon,Winward
1710,Arcelia,Bouska
1711,Franklyn,Unknow
1712,Sherron,Ascencio
1713,Marcel,Zabriskie
1714,Kina,Hazelton
1715,Shavonne,Pia
1716,Shavon,Benito
1717,Lauralee,Perrine
1718,Loreta,Curren
1719,Teresa,Strawn
1720,Belinda,Partain
1721,Holly,Eudy
1722,Many,Cuccia
1723,Libbie,Dalby
1724,Lester,Prothro
1725,Marvel,Hail
1726,Angelyn,Vong
1727,Francesca,Beaudreau
1728,Garth,Gangi
1729,Carla,Trumbull
1730,Veta,Muntz
1731,Stasia,Becker
1732,Jona,Grindle
1733,Judie,Claywell
1734,Dewitt,Borger
1735,Nena,Hacker
1736,Kelsie,Wachtel
1737,Sau,Pfau
1738,Shanice,Mccrystal
1739,Chase,Karner
1740,Tommie,Underdahl
1741,Dorcas,Darity
1742,Angel,Sanor
1743,Willodean,Harn
1744,Weston,Martina
1745,Roma,Lafollette
1746,Felisa,Cail
1747,Demetria,Abbey
1748,Jeromy,Danz
1749,Rasheeda,Alkire
1750,Dulce,Abril
1751,Mara,Hashimoto
1752,Philip,Gent
1753,Kathleen,Hanner
1754,Nereida,Magwood
1755,Gaston,Brumm
1756,Etta,Hurn
1757,Earlean,Melgar
1758,Vincenza,Weiland
1759,Fallon,Winward
1760,Arcelia,Bouska
1761,Franklyn,Unknow
1762,Sherron,Ascencio
1763,Marcel,Zabriskie
1764,Kina,Hazelton
1765,Shavonne,Pia
1766,Shavon,Benito
1767,Lauralee,Perrine
1768,Loreta,Curren
1769,Teresa,Strawn
1770,Belinda,Partain
1771,Holly,Eudy
1772,Many,Cuccia
1773,Libbie,Dalby
1774,Lester,Prothro
1775,Marvel,Hail
1776,Angelyn,Vong
1777,Francesca,Beaudreau
1778,Garth,Gangi
1779,Carla,Trumbull
1780,Veta,Muntz
1781,Stasia,Becker
1782,Jona,Grindle
1783,Judie,Claywell
1784,Dewitt,Borger
1785,Nena,Hacker
1786,Kelsie,Wachtel
1787,Sau,Pfau
1788,Shanice,Mccrystal
1789,Chase,Karner
1790,Tommie,Underdahl
1791,Dorcas,Darity
1792,Angel,Sanor
1793,Willodean,Harn
1794,Weston,Martina
1795,Roma,Lafollette
1796,Felisa,Cail
1797,Demetria,Abbey
1798,Jeromy,Danz
1799,Rasheeda,Alkire
1800,Dulce,Abril
1801,Mara,Hashimoto
1802,Philip,Gent
1803,Kathleen,Hanner
1804,Nereida,Magwood
1805,Gaston,Brumm
1806,Etta,Hurn
1807,Earlean,Melgar
1808,Vincenza,Weiland
1809,Fallon,Winward
1810,Arcelia,Bouska
1811,Franklyn,Unknow
1812,Sherron,Ascencio
1813,Marcel,Zabriskie
1814,Kina,Hazelton
1815,Shavonne,Pia
1816,Shavon,Benito
1817,Lauralee,Perrine
1818,Loreta,Curren
1819,Teresa,Strawn
1820,Belinda,Partain
1821,Holly,Eudy
1822,Many,Cuccia
1823,Libbie,Dalby
1824,Lester,Prothro
1825,Marvel,Hail
1826,Angelyn,Vong
1827,Francesca,Beaudreau
1828,Garth,Gangi
1829,Carla,Trumbull
1830,Veta,Muntz
1831,Stasia,Becker
1832,Jona,Grindle
1833,Judie,Claywell
1834,Dewitt,Borger
1835,Nena,Hacker
1836,Kelsie,Wachtel
1837,Sau,Pfau
1838,Shanice,Mccrystal
1839,Chase,Karner
1840,Tommie,Underdahl
1841,Dorcas,Darity
1842,Angel,Sanor
1843,Willodean,Harn
1844,Weston,Martina
1845,Roma,Lafollette
1846,Felisa,Cail
1847,Demetria,Abbey
1848,Jeromy,Danz
1849,Rasheeda,Alkire
1850,Dulce,Abril
1851,Mara,Hashimoto
1852,Philip,Gent
1853,Kathleen,Hanner
1854,Nereida,Magwood
1855,Gaston,Brumm
1856,Etta,Hurn
1857,Earlean,Melgar
1858,Vincenza,Weiland
1859,Fallon,Winward
1860,Arcelia,Bouska
1861,Franklyn,Unknow
1862,Sherron,Ascencio
1863,Marcel,Zabriskie
1864,Kina,Hazelton
1865,Shavonne,Pia
1866,Shavon,Benito
1867,Lauralee,Perrine
1868,Loreta,Curren
1869,Teresa,Strawn
1870,Belinda,Partain
1871,Holly,Eudy
1872,Many,Cuccia
1873,Libbie,Dalby
1874,Lester,Prothro
1875,Marvel,Hail
1876,Angelyn,Vong
1877,Francesca,Beaudreau
1878,Garth,Gangi
1879,Carla,Trumbull
1880,Veta,Muntz
1881,Stasia,Becker
1882,Jona,Grindle
1883,Judie,Claywell
1884,Dewitt,Borger
1885,Nena,Hacker
1886,Kelsie,Wachtel
1887,Sau,Pfau
1888,Shanice,Mccrystal
1889,Chase,Karner
1890,Tommie,Underdahl
1891,Dorcas,Darity
1892,Angel,Sanor
1893,Willodean,Harn
1894,Weston,Martina
1895,Roma,Lafollette
1896,Felisa,Cail
1897,Demetria,Abbey
1898,Jeromy,Danz
1899,Rasheeda,Alkire
1900,Dulce,Abril
1901,Mara,Hashimoto
1902,Philip,Gent
1903,Kathleen,Hanner
1904,Nereida,Magwood
1905,Gaston,Brumm
1906,Etta,Hurn
1907,Earlean,Melgar
1908,Vincenza,Weiland
1909,Fallon,Winward
1910,Arcelia,Bouska
1911,Franklyn,Unknow
1912,Sherron,Ascencio
1913,Marcel,Zabriskie
1914,Kina,Hazelton
1915,Shavonne,Pia
1916,Shavon,Benito
1917,Lauralee,Perrine
1918,Loreta,Curren
1919,Teresa,Strawn
1920,Belinda,Partain
1921,Holly,Eudy
1922,Many,Cuccia
1923,Libbie,Dalby
1924,Lester,Prothro
1925,Marvel,Hail
1926,Angelyn,Vong
1927,Francesca,Beaudreau
1928,Garth,Gangi
1929,Carla,Trumbull
1930,Veta,Muntz
1931,Stasia,Becker
1932,Jona,Grindle
1933,Judie,Claywell
1934,Dewitt,Borger
1935,Nena,Hacker
1936,Kelsie,Wachtel
1937,Sau,Pfau
1938,Shanice,Mccrystal
1939,Chase,Karner
1940,Tommie,Underdahl
1941,Dorcas,Darity
1942,Angel,Sanor
1943,Willodean,Harn
1944,Weston,Martina
1945,Roma,Lafollette
1946,Felisa,Cail
1947,Demetria,Abbey
1948,Jeromy,Danz
1949,Rasheeda,Alkire
1950,Dulce,Abril
1951,Mara,Hashimoto
1952,Philip,Gent
1953,Kathleen,Hanner
1954,Nereida,Magwood
1955,Gaston,Brumm
1956,Etta,Hurn
1957,Earlean,Melgar
1958,Vincenza,Weiland
1959,Fallon,Winward
1960,Arcelia,Bouska
1961,Franklyn,Unknow
1962,Sherron,Ascencio
1963,Marcel,Zabriskie
1964,Kina,Hazelton
1965,Shavonne,Pia
1966,Shavon,Benito
1967,Lauralee,Perrine
1968,Loreta,Curren
1969,Teresa,Strawn
1970,Belinda,Partain
1971,Holly,Eudy
1972,Many,Cuccia
1973,Libbie,Dalby
1974,Lester,Prothro
1975,Marvel,Hail
1976,Angelyn,Vong
1977,Francesca,Beaudreau
1978,Garth,Gangi
1979,Carla,Trumbull
1980,Veta,Muntz
1981,Stasia,Becker
1982,Jona,Grindle
1983,Judie,Claywell
1984,Dewitt,Borger
1985,Nena,Hacker
1986,Kelsie,Wachtel
1987,Sau,Pfau
1988,Shanice,Mccrystal
1989,Chase,Karner
1990,Tommie,Underdahl
1991,Dorcas,Darity
1992,Angel,Sanor
1993,Willodean,Harn
1994,Weston,Martina
1995,Roma,Lafollette
1996,Felisa,Cail
1997,Demetria,Abbey
1998,Jeromy,Danz
1999,Rasheeda,Alkire
2000,Dulce,Abril
2001,Mara,Hashimoto
2002,Philip,Gent
2003,Kathleen,Hanner
2004,Nereida,Magwood
2005,Gaston,Brumm
2006,Etta,Hurn
2007,Earlean,Melgar
2008,Vincenza,Weiland
2009,Fallon,Winward
2010,Arcelia,Bouska
2011,Franklyn,Unknow
2012,Sherron,Ascencio
2013,Marcel,Zabriskie
2014,Kina,Hazelton
2015,Shavonne,Pia
2016,Shavon,Benito
2017,Lauralee,Perrine
2018,Loreta,Curren
2019,Teresa,Strawn
2020,Belinda,Partain
2021,Holly,Eudy
2022,Many,Cuccia
2023,Libbie,Dalby
2024,Lester,Prothro
2025,Marvel,Hail
2026,Angelyn,Vong
2027,Francesca,Beaudreau
2028,Garth,Gangi
2029,Carla,Trumbull
2030,Veta,Muntz
2031,Stasia,Becker
2032,Jona,Grindle
2033,Judie,Claywell
2034,Dewitt,Borger
2035,Nena,Hacker
2036,Kelsie,Wachtel
2037,Sau,Pfau
2038,Shanice,Mccrystal
2039,Chase,Karner
2040,Tommie,Underdahl
2041,Dorcas,Darity
2042,Angel,Sanor
2043,Willodean,Harn
2044,Weston,Martina
2045,Roma,Lafollette
2046,Felisa,Cail
2047,Demetria,Abbey
2048,Jeromy,Danz
2049,Rasheeda,Alkire
2050,Dulce,Abril
2051,Mara,Hashimoto
2052,Philip,Gent
2053,Kathleen,Hanner
2054,Nereida,Magwood
2055,Gaston,Brumm
2056,Etta,Hurn
2057,Earlean,Melgar
2058,Vincenza,Weiland
2059,Fallon,Winward
2060,Arcelia,Bouska
2061,Franklyn,Unknow
2062,Sherron,Ascencio
2063,Marcel,Zabriskie
2064,Kina,Hazelton
2065,Shavonne,Pia
2066,Shavon,Benito
2067,Lauralee,Perrine
2068,Loreta,Curren
2069,Teresa,Strawn
2070,Belinda,Partain
2071,Holly,Eudy
2072,Many,Cuccia
2073,Libbie,Dalby
2074,Lester,Prothro
2075,Marvel,Hail
2076,Angelyn,Vong
2077,Francesca,Beaudreau
2078,Garth,Gangi
2079,Carla,Trumbull
2080,Veta,Muntz
2081,Stasia,Becker
2082,Jona,Grindle
2083,Judie,Claywell
2084,Dewitt,Borger
2085,Nena,Hacker
2086,Kelsie,Wachtel
2087,Sau,Pfau
2088,Shanice,Mccrystal
2089,Chase,Karner
2090,Tommie,Underdahl
2091,Dorcas,Darity
2092,Angel,Sanor
2093,Willodean,Harn
2094,Weston,Martina
2095,Roma,Lafollette
2096,Felisa,Cail
2097,Demetria,Abbey
2098,Jeromy,Danz
2099,Rasheeda,Alkire
2100,Dulce,Abril
2101,Mara,Hashimoto
2102,Philip,Gent
2103,Kathleen,Hanner
2104,Nereida,Magwood
2105,Gaston,Brumm
2106,Etta,Hurn
2107,Earlean,Melgar
2108,Vincenza,Weiland
2109,Fallon,Winward
2110,Arcelia,Bouska
2111,Franklyn,Unknow
2112,Sherron,Ascencio
2113,Marcel,Zabriskie
2114,Kina,Hazelton
2115,Shavonne,Pia
2116,Shavon,Benito
2117,Lauralee,Perrine
2118,Loreta,Curren
2119,Teresa,Strawn
2120,Belinda,Partain
2121,Holly,Eudy
2122,Many,Cuccia
2123,Libbie,Dalby
2124,Lester,Prothro
2125,Marvel,Hail
2126,Angelyn,Vong
2127,Francesca,Beaudreau
2128,Garth,Gangi
2129,Carla,Trumbull
2130,Veta,Muntz
2131,Stasia,Becker
2132,Jona,Grindle
2133,Judie,Claywell
2134,Dewitt,Borger
2135,Nena,Hacker
2136,Kelsie,Wachtel
2137,Sau,Pfau
2138,Shanice,Mccrystal
2139,Chase,Karner
2140,Tommie,Underdahl
2141,Dorcas,Darity
2142,Angel,Sanor
2143,Willodean,Harn
2144,Weston,Martina
2145,Roma,Lafollette
2146,Felisa,Cail
2147,Demetria,Abbey
2148,Jeromy,Danz
2149,Rasheeda,Alkire
2150,Dulce,Abril
2151,Mara,Hashimoto
2152,Philip,Gent
2153,Kathleen,Hanner
2154,Nereida,Magwood
2155,Gaston,Brumm
2156,Etta,Hurn
2157,Earlean,Melgar
2158,Vincenza,Weiland
2159,Fallon,Winward
2160,Arcelia,Bouska
2161,Franklyn,Unknow
2162,Sherron,Ascencio
2163,Marcel,Zabriskie
2164,Kina,Hazelton
2165,Shavonne,Pia
2166,Shavon,Benito
2167,Lauralee,Perrine
2168,Loreta,Curren
2169,Teresa,Strawn
2170,Belinda,Partain
2171,Holly,Eudy
2172,Many,Cuccia
2173,Libbie,Dalby
2174,Lester,Prothro
2175,Marvel,Hail
2176,Angelyn,Vong
2177,Francesca,Beaudreau
2178,Garth,Gangi
2179,Carla,Trumbull
2180,Veta,Muntz
2181,Stasia,Becker
2182,Jona,Grindle
2183,Judie,Claywell
2184,Dewitt,Borger
2185,Nena,Hacker
2186,Kelsie,Wachtel
2187,Sau,Pfau
2188,Shanice,Mccrystal
2189,Chase,Karner
2190,Tommie,Underdahl
2191,Dorcas,Darity
2192,Angel,Sanor
2193,Willodean,Harn
2194,Weston,Martina
2195,Roma,Lafollette
2196,Felisa,Cail
2197,Demetria,Abbey
2198,Jeromy,Danz
2199,Rasheeda,Alkire
2200,Dulce,Abril
2201,Mara,Hashimoto
2202,Philip,Gent
2203,Kathleen,Hanner
2204,Nereida,Magwood
2205,Gaston,Brumm
2206,Etta,Hurn
2207,Earlean,Melgar
2208,Vincenza,Weiland
2209,Fallon,Winward
2210,Arcelia,Bouska
2211,Franklyn,Unknow
2212,Sherron,Ascencio
2213,Marcel,Zabriskie
2214,Kina,Hazelton
2215,Shavonne,Pia
2216,Shavon,Benito
2217,Lauralee,Perrine
2218,Loreta,Curren
2219,Teresa,Strawn
2220,Belinda,Partain
2221,Holly,Eudy
2222,Many,Cuccia
2223,Libbie,Dalby
2224,Lester,Prothro
2225,Marvel,Hail
2226,Angelyn,Vong
2227,Francesca,Beaudreau
2228,Garth,Gangi
2229,Carla,Trumbull
2230,Veta,Muntz
2231,Stasia,Becker
2232,Jona,Grindle
2233,Judie,Claywell
2234,Dewitt,Borger
2235,Nena,Hacker
2236,Kelsie,Wachtel
2237,Sau,Pfau
2238,Shanice,Mccrystal
2239,Chase,Karner
2240,Tommie,Underdahl
2241,Dorcas,Darity
2242,Angel,Sanor
2243,Willodean,Harn
2244,Weston,Martina
2245,Roma,Lafollette
2246,Felisa,Cail
2247,Demetria,Abbey
2248,Jeromy,Danz
2249,Rasheeda,Alkire
2250,Dulce,Abril
2251,Mara,Hashimoto
2252,Philip,Gent
2253,Kathleen,Hanner
2254,Nereida,Magwood
2255,Gaston,Brumm
2256,Etta,Hurn
2257,Earlean,Melgar
2258,Vincenza,Weiland
2259,Fallon,Winward
2260,Arcelia,Bouska
2261,Franklyn,Unknow
2262,Sherron,Ascencio
2263,Marcel,Zabriskie
2264,Kina,Hazelton
2265,Shavonne,Pia
2266,Shavon,Benito
2267,Lauralee,Perrine
2268,Loreta,Curren
2269,Teresa,Strawn
2270,Belinda,Partain
2271,Holly,Eudy
2272,Many,Cuccia
2273,Libbie,Dalby
2274,Lester,Prothro
2275,Marvel,Hail
2276,Angelyn,Vong
2277,Francesca,Beaudreau
2278,Garth,Gangi
2279,Carla,Trumbull
2280,Veta,Muntz
2281,Stasia,Becker
2282,Jona,Grindle
2283,Judie,Claywell
2284,Dewitt,Borger
2285,Nena,Hacker
2286,Kelsie,Wachtel
2287,Sau,Pfau
2288,Shanice,Mccrystal
2289,Chase,Karner
2290,Tommie,Underdahl
2291,Dorcas,Darity
2292,Angel,Sanor
2293,Willodean,Harn
2294,Weston,Martina
2295,Roma,Lafollette
2296,Felisa,Cail
2297,Demetria,Abbey
2298,Jeromy,Danz
2299,Rasheeda,Alkire
2300,Dulce,Abril
2301,Mara,Hashimoto
2302,Philip,Gent
2303,Kathleen,Hanner
2304,Nereida,Magwood
2305,Gaston,Brumm
2306,Etta,Hurn
2307,Earlean,Melgar
2308,Vincenza,Weiland
2309,Fallon,Winward
2310,Arcelia,Bouska
2311,Franklyn,Unknow
2312,Sherron,Ascencio
2313,Marcel,Zabriskie
2314,Kina,Hazelton
2315,Shavonne,Pia
2316,Shavon,Benito
2317,Lauralee,Perrine
2318,Loreta,Curren
2319,Teresa,Strawn
2320,Belinda,Partain
2321,Holly,Eudy
2322,Many,Cuccia
2323,Libbie,Dalby
2324,Lester,Prothro
2325,Marvel,Hail
2326,Angelyn,Vong
2327,Francesca,Beaudreau
2328,Garth,Gangi
2329,Carla,Trumbull
2330,Veta,Muntz
2331,Stasia,Becker
2332,Jona,Grindle
2333,Judie,Claywell
2334,Dewitt,Borger
2335,Nena,Hacker
2336,Kelsie,Wachtel
2337,Sau,Pfau
2338,Shanice,Mccrystal
2339,Chase,Karner
2340,Tommie,Underdahl
2341,Dorcas,Darity
2342,Angel,Sanor
2343,Willodean,Harn
2344,Weston,Martina
2345,Roma,Lafollette
2346,Felisa,Cail
2347,Demetria,Abbey
2348,Jeromy,Danz
2349,Rasheeda,Alkire
2350,Dulce,Abril
2351,Mara,Hashimoto
2352,Philip,Gent
2353,Kathleen,Hanner
2354,Nereida,Magwood
2355,Gaston,Brumm
2356,Etta,Hurn
2357,Earlean,Melgar
2358,Vincenza,Weiland
2359,Fallon,Winward
2360,Arcelia,Bouska
2361,Franklyn,Unknow
2362,Sherron,Ascencio
2363,Marcel,Zabriskie
2364,Kina,Hazelton
2365,Shavonne,Pia
2366,Shavon,Benito
2367,Lauralee,Perrine
2368,Loreta,Curren
2369,Teresa,Strawn
2370,Belinda,Partain
2371,Holly,Eudy
2372,Many,Cuccia
2373,Libbie,Dalby
2374,Lester,Prothro
2375,Marvel,Hail
2376,Angelyn,Vong
2377,Francesca,Beaudreau
2378,Garth,Gangi
2379,Carla,Trumbull
2380,Veta,Muntz
2381,Stasia,Becker
2382,Jona,Grindle
2383,Judie,Claywell
2384,Dewitt,Borger
2385,Nena,Hacker
2386,Kelsie,Wachtel
2387,Sau,Pfau
2388,Shanice,Mccrystal
2389,Chase,Karner
2390,Tommie,Underdahl
2391,Dorcas,Darity
2392,Angel,Sanor
2393,Willodean,Harn
2394,Weston,Martina
2395,Roma,Lafollette
2396,Felisa,Cail
2397,Demetria,Abbey
2398,Jeromy,Danz
2399,Rasheeda,Alkire
2400,Dulce,Abril
2401,Mara,Hashimoto
2402,Philip,Gent
2403,Kathleen,Hanner
2404,Nereida,Magwood
2405,Gaston,Brumm
2406,Etta,Hurn
2407,Earlean,Melgar
2408,Vincenza,Weiland
2409,Fallon,Winward
2410,Arcelia,Bouska
2411,Franklyn,Unknow
2412,Sherron,Ascencio
2413,Marcel,Zabriskie
2414,Kina,Hazelton
2415,Shavonne,Pia
2416,Shavon,Benito
2417,Lauralee,Perrine
2418,Loreta,Curren
2419,Teresa,Strawn
2420,Belinda,Partain
2421,Holly,Eudy
2422,Many,Cuccia
2423,Libbie,Dalby
2424,Lester,Prothro
2425,Marvel,Hail
2426,Angelyn,Vong
2427,Francesca,Beaudreau
2428,Garth,Gangi
2429,Carla,Trumbull
2430,Veta,Muntz
2431,Stasia,Becker
2432,Jona,Grindle
2433,Judie,Claywell
2434,Dewitt,Borger
2435,Nena,Hacker
2436,Kelsie,Wachtel
2437,Sau,Pfau
2438,Shanice,Mccrystal
2439,Chase,Karner
2440,Tommie,Underdahl
2441,Dorcas,Darity
2442,Angel,Sanor
2443,Willodean,Harn
2444,Weston,Martina
2445,Roma,Lafollette
2446,Felisa,Cail
2447,Demetria,Abbey
2448,Jeromy,Danz
2449,Rasheeda,Alkire
2450,Dulce,Abril
2451,Mara,Hashimoto
2452,Philip,Gent
2453,Kathleen,Hanner
2454,Nereida,Magwood
2455,Gaston,Brumm
2456,Etta,Hurn
2457,Earlean,Melgar
2458,Vincenza,Weiland
2459,Fallon,Winward
2460,Arcelia,Bouska
2461,Franklyn,Unknow
2462,Sherron,Ascencio
2463,Marcel,Zabriskie
2464,Kina,Hazelton
2465,Shavonne,Pia
2466,Shavon,Benito
2467,Lauralee,Perrine
2468,Loreta,Curren
2469,Teresa,Strawn
2470,Belinda,Partain
2471,Holly,Eudy
2472,Many,Cuccia
2473,Libbie,Dalby
2474,Lester,Prothro
2475,Marvel,Hail
2476,Angelyn,Vong
2477,Francesca,Beaudreau
2478,Garth,Gangi
2479,Carla,Trumbull
2480,Veta,Muntz
2481,Stasia,Becker
2482,Jona,Grindle
2483,Judie,Claywell
2484,Dewitt,Borger
2485,Nena,Hacker
2486,Kelsie,Wachtel
2487,Sau,Pfau
2488,Shanice,Mccrystal
2489,Chase,Karner
2490,Tommie,Underdahl
2491,Dorcas,Darity
2492,Angel,Sanor
2493,Willodean,Harn
2494,Weston,Martina
2495,Roma,Lafollette
2496,Felisa,Cail
2497,Demetria,Abbey
2498,Jeromy,Danz
2499,Rasheeda,Alkire
2500,Dulce,Abril
2501,Mara,Hashimoto
2502,Philip,Gent
2503,Kathleen,Hanner
2504,Nereida,Magwood
2505,Gaston,Brumm
2506,Etta,Hurn
2507,Earlean,Melgar
2508,Vincenza,Weiland
2509,Fallon,Winward
2510,Arcelia,Bouska
2511,Franklyn,Unknow
2512,Sherron,Ascencio
2513,Marcel,Zabriskie
2514,Kina,Hazelton
2515,Shavonne,Pia
2516,Shavon,Benito
2517,Lauralee,Perrine
2518,Loreta,Curren
2519,Teresa,Strawn
2520,Belinda,Partain
2521,Holly,Eudy
2522,Many,Cuccia
2523,Libbie,Dalby
2524,Lester,Prothro
2525,Marvel,Hail
2526,Angelyn,Vong
2527,Francesca,Beaudreau
2528,Garth,Gangi
2529,Carla,Trumbull
2530,Veta,Muntz
2531,Stasia,Becker
2532,Jona,Grindle
2533,Judie,Claywell
2534,Dewitt,Borger
2535,Nena,Hacker
2536,Kelsie,Wachtel
2537,Sau,Pfau
2538,Shanice,Mccrystal
2539,Chase,Karner
2540,Tommie,Underdahl
2541,Dorcas,Darity
2542,Angel,Sanor
2543,Willodean,Harn
2544,Weston,Martina
2545,Roma,Lafollette
2546,Felisa,Cail
2547,Demetria,Abbey
2548,Jeromy,Danz
2549,Rasheeda,Alkire
2550,Dulce,Abril
2551,Mara,Hashimoto
2552,Philip,Gent
2553,Kathleen,Hanner
2554,Nereida,Magwood
2555,Gaston,Brumm
2556,Etta,Hurn
2557,Earlean,Melgar
2558,Vincenza,Weiland
2559,Fallon,Winward
2560,Arcelia,Bouska
2561,Franklyn,Unknow
2562,Sherron,Ascencio
2563,Marcel,Zabriskie
2564,Kina,Hazelton
2565,Shavonne,Pia
2566,Shavon,Benito
2567,Lauralee,Perrine
2568,Loreta,Curren
2569,Teresa,Strawn
2570,Belinda,Partain
2571,Holly,Eudy
2572,Many,Cuccia
2573,Libbie,Dalby
2574,Lester,Prothro
2575,Marvel,Hail
2576,Angelyn,Vong
2577,Francesca,Beaudreau
2578,Garth,Gangi
2579,Carla,Trumbull
2580,Veta,Muntz
2581,Stasia,Becker
2582,Jona,Grindle
2583,Judie,Claywell
2584,Dewitt,Borger
2585,Nena,Hacker
2586,Kelsie,Wachtel
2587,Sau,Pfau
2588,Shanice,Mccrystal
2589,Chase,Karner
2590,Tommie,Underdahl
2591,Dorcas,Darity
2592,Angel,Sanor
2593,Willodean,Harn
2594,Weston,Martina
2595,Roma,Lafollette
2596,Felisa,Cail
2597,Demetria,Abbey
2598,Jeromy,Danz
2599,Rasheeda,Alkire
2600,Dulce,Abril
2601,Mara,Hashimoto
2602,Philip,Gent
2603,Kathleen,Hanner
2604,Nereida,Magwood
2605,Gaston,Brumm
2606,Etta,Hurn
2607,Earlean,Melgar
2608,Vincenza,Weiland
2609,Fallon,Winward
2610,Arcelia,Bouska
2611,Franklyn,Unknow
2612,Sherron,Ascencio
2613,Marcel,Zabriskie
2614,Kina,Hazelton
2615,Shavonne,Pia
2616,Shavon,Benito
2617,Lauralee,Perrine
2618,Loreta,Curren
2619,Teresa,Strawn
2620,Belinda,Partain
2621,Holly,Eudy
2622,Many,Cuccia
2623,Libbie,Dalby
2624,Lester,Prothro
2625,Marvel,Hail
2626,Angelyn,Vong
2627,Francesca,Beaudreau
2628,Garth,Gangi
2629,Carla,Trumbull
2630,Veta,Muntz
2631,Stasia,Becker
2632,Jona,Grindle
2633,Judie,Claywell
2634,Dewitt,Borger
2635,Nena,Hacker
2636,Kelsie,Wachtel
2637,Sau,Pfau
2638,Shanice,Mccrystal
2639,Chase,Karner
2640,Tommie,Underdahl
2641,Dorcas,Darity
2642,Angel,Sanor
2643,Willodean,Harn
2644,Weston,Martina
2645,Roma,Lafollette
2646,Felisa,Cail
2647,Demetria,Abbey
2648,Jeromy,Danz
2649,Rasheeda,Alkire
2650,Dulce,Abril
2651,Mara,Hashimoto
2652,Philip,Gent
2653,Kathleen,Hanner
2654,Nereida,Magwood
2655,Gaston,Brumm
2656,Etta,Hurn
2657,Earlean,Melgar
2658,Vincenza,Weiland
2659,Fallon,Winward
2660,Arcelia,Bouska
2661,Franklyn,Unknow
2662,Sherron,Ascencio
2663,Marcel,Zabriskie
2664,Kina,Hazelton
2665,Shavonne,Pia
2666,Shavon,Benito
2667,Lauralee,Perrine
2668,Loreta,Curren
2669,Teresa,Strawn
2670,Belinda,Partain
2671,Holly,Eudy
2672,Many,Cuccia
2673,Libbie,Dalby
2674,Lester,Prothro
2675,Marvel,Hail
2676,Angelyn,Vong
2677,Francesca,Beaudreau
2678,Garth,Gangi
2679,Carla,Trumbull
2680,Veta,Muntz
2681,Stasia,Becker
2682,Jona,Grindle
2683,Judie,Claywell
2684,Dewitt,Borger
2685,Nena,Hacker
2686,Kelsie,Wachtel
2687,Sau,Pfau
2688,Shanice,Mccrystal
2689,Chase,Karner
2690,Tommie,Underdahl
2691,Dorcas,Darity
2692,Angel,Sanor
2693,Willodean,Harn
2694,Weston,Martina
2695,Roma,Lafollette
2696,Felisa,Cail
2697,Demetria,Abbey
2698,Jeromy,Danz
2699,Rasheeda,Alkire
2700,Dulce,Abril
2701,Mara,Hashimoto
2702,Philip,Gent
2703,Kathleen,Hanner
2704,Nereida,Magwood
2705,Gaston,Brumm
2706,Etta,Hurn
2707,Earlean,Melgar
2708,Vincenza,Weiland
2709,Fallon,Winward
2710,Arcelia,Bouska
2711,Franklyn,Unknow
2712,Sherron,Ascencio
2713,Marcel,Zabriskie
2714,Kina,Hazelton
2715,Shavonne,Pia
2716,Shavon,Benito
2717,Lauralee,Perrine
2718,Loreta,Curren
2719,Teresa,Strawn
2720,Belinda,Partain
2721,Holly,Eudy
2722,Many,Cuccia
2723,Libbie,Dalby
2724,Lester,Prothro
2725,Marvel,Hail
2726,Angelyn,Vong
2727,Francesca,Beaudreau
2728,Garth,Gangi
2729,Carla,Trumbull
2730,Veta,Muntz
2731,Stasia,Becker
2732,Jona,Grindle
2733,Judie,Claywell
2734,Dewitt,Borger
2735,Nena,Hacker
2736,Kelsie,Wachtel
2737,Sau,Pfau
2738,Shanice,Mccrystal
2739,Chase,Karner
2740,Tommie,Underdahl
2741,Dorcas,Darity
2742,Angel,Sanor
2743,Willodean,Harn
2744,Weston,Martina
2745,Roma,Lafollette
2746,Felisa,Cail
2747,Demetria,Abbey
2748,Jeromy,Danz
2749,Rasheeda,Alkire
2750,Dulce,Abril
2751,Mara,Hashimoto
2752,Philip,Gent
2753,Kathleen,Hanner
2754,Nereida,Magwood
2755,Gaston,Brumm
2756,Etta,Hurn
2757,Earlean,Melgar
2758,Vincenza,Weiland
2759,Fallon,Winward
2760,Arcelia,Bouska
2761,Franklyn,Unknow
2762,Sherron,Ascencio
2763,Marcel,Zabriskie
2764,Kina,Hazelton
2765,Shavonne,Pia
2766,Shavon,Benito
2767,Lauralee,Perrine
2768,Loreta,Curren
2769,Teresa,Strawn
2770,Belinda,Partain
2771,Holly,Eudy
2772,Many,Cuccia
2773,Libbie,Dalby
2774,Lester,Prothro
2775,Marvel,Hail
2776,Angelyn,Vong
2777,Francesca,Beaudreau
2778,Garth,Gangi
2779,Carla,Trumbull
2780,Veta,Muntz
2781,Stasia,Becker
2782,Jona,Grindle
2783,Judie,Claywell
2784,Dewitt,Borger
2785,Nena,Hacker
2786,Kelsie,Wachtel
2787,Sau,Pfau
2788,Shanice,Mccrystal
2789,Chase,Karner
2790,Tommie,Underdahl
2791,Dorcas,Darity
2792,Angel,Sanor
2793,Willodean,Harn
2794,Weston,Martina
2795,Roma,Lafollette
2796,Felisa,Cail
2797,Demetria,Abbey
2798,Jeromy,Danz
2799,Rasheeda,Alkire
2800,Dulce,Abril
2801,Mara,Hashimoto
2802,Philip,Gent
2803,Kathleen,Hanner
2804,Nereida,Magwood
2805,Gaston,Brumm
2806,Etta,Hurn
2807,Earlean,Melgar
2808,Vincenza,Weiland
2809,Fallon,Winward
2810,Arcelia,Bouska
2811,Franklyn,Unknow
2812,Sherron,Ascencio
2813,Marcel,Zabriskie
2814,Kina,Hazelton
2815,Shavonne,Pia
2816,Shavon,Benito
2817,Lauralee,Perrine
2818,Loreta,Curren
2819,Teresa,Strawn
2820,Belinda,Partain
2821,Holly,Eudy
2822,Many,Cuccia
2823,Libbie,Dalby
2824,Lester,Prothro
2825,Marvel,Hail
2826,Angelyn,Vong
2827,Francesca,Beaudreau
2828,Garth,Gangi
2829,Carla,Trumbull
2830,Veta,Muntz
2831,Stasia,Becker
2832,Jona,Grindle
2833,Judie,Claywell
2834,Dewitt,Borger
2835,Nena,Hacker
2836,Kelsie,Wachtel
2837,Sau,Pfau
2838,Shanice,Mccrystal
2839,Chase,Karner
2840,Tommie,Underdahl
2841,Dorcas,Darity
2842,Angel,Sanor
2843,Willodean,Harn
2844,Weston,Martina
2845,Roma,Lafollette
2846,Felisa,Cail
2847,Demetria,Abbey
2848,Jeromy,Danz
2849,Rasheeda,Alkire
2850,Dulce,Abril
2851,Mara,Hashimoto
2852,Philip,Gent
2853,Kathleen,Hanner
2854,Nereida,Magwood
2855,Gaston,Brumm
2856,Etta,Hurn
2857,Earlean,Melgar
2858,Vincenza,Weiland
2859,Fallon,Winward
2860,Arcelia,Bouska
2861,Franklyn,Unknow
2862,Sherron,Ascencio
2863,Marcel,Zabriskie
2864,Kina,Hazelton
2865,Shavonne,Pia
2866,Shavon,Benito
2867,Lauralee,Perrine
2868,Loreta,Curren
2869,Teresa,Strawn
2870,Belinda,Partain
2871,Holly,Eudy
2872,Many,Cuccia
2873,Libbie,Dalby
2874,Lester,Prothro
2875,Marvel,Hail
2876,Angelyn,Vong
2877,Francesca,Beaudreau
2878,Garth,Gangi
2879,Carla,Trumbull
2880,Veta,Muntz
2881,Stasia,Becker
2882,Jona,Grindle
2883,Judie,Claywell
2884,Dewitt,Borger
2885,Nena,Hacker
2886,Kelsie,Wachtel
2887,Sau,Pfau
2888,Shanice,Mccrystal
2889,Chase,Karner
2890,Tommie,Underdahl
2891,Dorcas,Darity
2892,Angel,Sanor
2893,Willodean,Harn
2894,Weston,Martina
2895,Roma,Lafollette
2896,Felisa,Cail
2897,Demetria,Abbey
2898,Jeromy,Danz
2899,Rasheeda,Alkire
2900,Dulce,Abril
2901,Mara,Hashimoto
2902,Philip,Gent
2903,Kathleen,Hanner
2904,Nereida,Magwood
2905,Gaston,Brumm
2906,Etta,Hurn
2907,Earlean,Melgar
2908,Vincenza,Weiland
2909,Fallon,Winward
2910,Arcelia,Bouska
2911,Franklyn,Unknow
2912,Sherron,Ascencio
2913,Marcel,Zabriskie
2914,Kina,Hazelton
2915,Shavonne,Pia
2916,Shavon,Benito
2917,Lauralee,Perrine
2918,Loreta,Curren
2919,Teresa,Strawn
2920,Belinda,Partain
2921,Holly,Eudy
2922,Many,Cuccia
2923,Libbie,Dalby
2924,Lester,Prothro
2925,Marvel,Hail
2926,Angelyn,Vong
2927,Francesca,Beaudreau
2928,Garth,Gangi
2929,Carla,Trumbull
2930,Veta,Muntz
2931,Stasia,Becker
2932,Jona,Grindle
2933,Judie,Claywell
2934,Dewitt,Borger
2935,Nena,Hacker
2936,Kelsie,Wachtel
2937,Sau,Pfau
2938,Shanice,Mccrystal
2939,Chase,Karner
2940,Tommie,Underdahl
2941,Dorcas,Darity
2942,Angel,Sanor
2943,Willodean,Harn
2944,Weston,Martina
2945,Roma,Lafollette
2946,Felisa,Cail
2947,Demetria,Abbey
2948,Jeromy,Danz
2949,Rasheeda,Alkire
2950,Dulce,Abril
2951,Mara,Hashimoto
2952,Philip,Gent
2953,Kathleen,Hanner
2954,Nereida,Magwood
2955,Gaston,Brumm
2956,Etta,Hurn
2957,Earlean,Melgar
2958,Vincenza,Weiland
2959,Fallon,Winward
2960,Arcelia,Bouska
2961,Franklyn,Unknow
2962,Sherron,Ascencio
2963,Marcel,Zabriskie
2964,Kina,Hazelton
2965,Shavonne,Pia
2966,Shavon,Benito
2967,Lauralee,Perrine
2968,Loreta,Curren
2969,Teresa,Strawn
2970,Belinda,Partain
2971,Holly,Eudy
2972,Many,Cuccia
2973,Libbie,Dalby
2974,Lester,Prothro
2975,Marvel,Hail
2976,Angelyn,Vong
2977,Francesca,Beaudreau
2978,Garth,Gangi
2979,Carla,Trumbull
2980,Veta,Muntz
2981,Stasia,Becker
2982,Jona,Grindle
2983,Judie,Claywell
2984,Dewitt,Borger
2985,Nena,Hacker
2986,Kelsie,Wachtel
2987,Sau,Pfau
2988,Shanice,Mccrystal
2989,Chase,Karner
2990,Tommie,Underdahl
2991,Dorcas,Darity
2992,Angel,Sanor
2993,Willodean,Harn
2994,Weston,Martina
2995,Roma,Lafollette
2996,Felisa,Cail
2997,Demetria,Abbey
2998,Jeromy,Danz
2999,Rasheeda,Alkire
3000,Dulce,Abril
3001,Mara,Hashimoto
3002,Philip,Gent
3003,Kathleen,Hanner
3004,Nereida,Magwood
3005,Gaston,Brumm
3006,Etta,Hurn
3007,Earlean,Melgar
3008,Vincenza,Weiland
3009,Fallon,Winward
3010,Arcelia,Bouska
3011,Franklyn,Unknow
3012,Sherron,Ascencio
3013,Marcel,Zabriskie
3014,Kina,Hazelton
3015,Shavonne,Pia
3016,Shavon,Benito
3017,Lauralee,Perrine
3018,Loreta,Curren
3019,Teresa,Strawn
3020,Belinda,Partain
3021,Holly,Eudy
3022,Many,Cuccia
3023,Libbie,Dalby
3024,Lester,Prothro
3025,Marvel,Hail
3026,Angelyn,Vong
3027,Francesca,Beaudreau
3028,Garth,Gangi
3029,Carla,Trumbull
3030,Veta,Muntz
3031,Stasia,Becker
3032,Jona,Grindle
3033,Judie,Claywell
3034,Dewitt,Borger
3035,Nena,Hacker
3036,Kelsie,Wachtel
3037,Sau,Pfau
3038,Shanice,Mccrystal
3039,Chase,Karner
3040,Tommie,Underdahl
3041,Dorcas,Darity
3042,Angel,Sanor
3043,Willodean,Harn
3044,Weston,Martina
3045,Roma,Lafollette
3046,Felisa,Cail
3047,Demetria,Abbey
3048,Jeromy,Danz
3049,Rasheeda,Alkire
3050,Dulce,Abril
3051,Mara,Hashimoto
3052,Philip,Gent
3053,Kathleen,Hanner
3054,Nereida,Magwood
3055,Gaston,Brumm
3056,Etta,Hurn
3057,Earlean,Melgar
3058,Vincenza,Weiland
3059,Fallon,Winward
3060,Arcelia,Bouska
3061,Franklyn,Unknow
3062,Sherron,Ascencio
3063,Marcel,Zabriskie
3064,Kina,Hazelton
3065,Shavonne,Pia
3066,Shavon,Benito
3067,Lauralee,Perrine
3068,Loreta,Curren
3069,Teresa,Strawn
3070,Belinda,Partain
3071,Holly,Eudy
3072,Many,Cuccia
3073,Libbie,Dalby
3074,Lester,Prothro
3075,Marvel,Hail
3076,Angelyn,Vong
3077,Francesca,Beaudreau
3078,Garth,Gangi
3079,Carla,Trumbull
3080,Veta,Muntz
3081,Stasia,Becker
3082,Jona,Grindle
3083,Judie,Claywell
3084,Dewitt,Borger
3085,Nena,Hacker
3086,Kelsie,Wachtel
3087,Sau,Pfau
3088,Shanice,Mccrystal
3089,Chase,Karner
3090,Tommie,Underdahl
3091,Dorcas,Darity
3092,Angel,Sanor
3093,Willodean,Harn
3094,Weston,Martina
3095,Roma,Lafollette
3096,Felisa,Cail
3097,Demetria,Abbey
3098,Jeromy,Danz
3099,Rasheeda,Alkire
3100,Dulce,Abril
3101,Mara,Hashimoto
3102,Philip,Gent
3103,Kathleen,Hanner
3104,Nereida,Magwood
3105,Gaston,Brumm
3106,Etta,Hurn
3107,Earlean,Melgar
3108,Vincenza,Weiland
3109,Fallon,Winward
3110,Arcelia,Bouska
3111,Franklyn,Unknow
3112,Sherron,Ascencio
3113,Marcel,Zabriskie
3114,Kina,Hazelton
3115,Shavonne,Pia
3116,Shavon,Benito
3117,Lauralee,Perrine
3118,Loreta,Curren
3119,Teresa,Strawn
3120,Belinda,Partain
3121,Holly,Eudy
3122,Many,Cuccia
3123,Libbie,Dalby
3124,Lester,Prothro
3125,Marvel,Hail
3126,Angelyn,Vong
3127,Francesca,Beaudreau
3128,Garth,Gangi
3129,Carla,Trumbull
3130,Veta,Muntz
3131,Stasia,Becker
3132,Jona,Grindle
3133,Judie,Claywell
3134,Dewitt,Borger
3135,Nena,Hacker
3136,Kelsie,Wachtel
3137,Sau,Pfau
3138,Shanice,Mccrystal
3139,Chase,Karner
3140,Tommie,Underdahl
3141,Dorcas,Darity
3142,Angel,Sanor
3143,Willodean,Harn
3144,Weston,Martina
3145,Roma,Lafollette
3146,Felisa,Cail
3147,Demetria,Abbey
3148,Jeromy,Danz
3149,Rasheeda,Alkire
3150,Dulce,Abril
3151,Mara,Hashimoto
3152,Philip,Gent
3153,Kathleen,Hanner
3154,Nereida,Magwood
3155,Gaston,Brumm
3156,Etta,Hurn
3157,Earlean,Melgar
3158,Vincenza,Weiland
3159,Fallon,Winward
3160,Arcelia,Bouska
3161,Franklyn,Unknow
3162,Sherron,Ascencio
3163,Marcel,Zabriskie
3164,Kina,Hazelton
3165,Shavonne,Pia
3166,Shavon,Benito
3167,Lauralee,Perrine
3168,Loreta,Curren
3169,Teresa,Strawn
3170,Belinda,Partain
3171,Holly,Eudy
3172,Many,Cuccia
3173,Libbie,Dalby
3174,Lester,Prothro
3175,Marvel,Hail
3176,Angelyn,Vong
3177,Francesca,Beaudreau
3178,Garth,Gangi
3179,Carla,Trumbull
3180,Veta,Muntz
3181,Stasia,Becker
3182,Jona,Grindle
3183,Judie,Claywell
3184,Dewitt,Borger
3185,Nena,Hacker
3186,Kelsie,Wachtel
3187,Sau,Pfau
3188,Shanice,Mccrystal
3189,Chase,Karner
3190,Tommie,Underdahl
3191,Dorcas,Darity
3192,Angel,Sanor
3193,Willodean,Harn
3194,Weston,Martina
3195,Roma,Lafollette
3196,Felisa,Cail
3197,Demetria,Abbey
3198,Jeromy,Danz
3199,Rasheeda,Alkire
3200,Dulce,Abril
3201,Mara,Hashimoto
3202,Philip,Gent
3203,Kathleen,Hanner
3204,Nereida,Magwood
3205,Gaston,Brumm
3206,Etta,Hurn
3207,Earlean,Melgar
3208,Vincenza,Weiland
3209,Fallon,Winward
3210,Arcelia,Bouska
3211,Franklyn,Unknow
3212,Sherron,Ascencio
3213,Marcel,Zabriskie
3214,Kina,Hazelton
3215,Shavonne,Pia
3216,Shavon,Benito
3217,Lauralee,Perrine
3218,Loreta,Curren
3219,Teresa,Strawn
3220,Belinda,Partain
3221,Holly,Eudy
3222,Many,Cuccia
3223,Libbie,Dalby
3224,Lester,Prothro
3225,Marvel,Hail
3226,Angelyn,Vong
3227,Francesca,Beaudreau
3228,Garth,Gangi
3229,Carla,Trumbull
3230,Veta,Muntz
3231,Stasia,Becker
3232,Jona,Grindle
3233,Judie,Claywell
3234,Dewitt,Borger
3235,Nena,Hacker
3236,Kelsie,Wachtel
3237,Sau,Pfau
3238,Shanice,Mccrystal
3239,Chase,Karner
3240,Tommie,Underdahl
3241,Dorcas,Darity
3242,Angel,Sanor
3243,Willodean,Harn
3244,Weston,Martina
3245,Roma,Lafollette
3246,Felisa,Cail
3247,Demetria,Abbey
3248,Jeromy,Danz
3249,Rasheeda,Alkire
3250,Dulce,Abril
3251,Mara,Hashimoto
3252,Philip,Gent
3253,Kathleen,Hanner
3254,Nereida,Magwood
3255,Gaston,Brumm
3256,Etta,Hurn
3257,Earlean,Melgar
3258,Vincenza,Weiland
3259,Fallon,Winward
3260,Arcelia,Bouska
3261,Franklyn,Unknow
3262,Sherron,Ascencio
3263,Marcel,Zabriskie
3264,Kina,Hazelton
3265,Shavonne,Pia
3266,Shavon,Benito
3267,Lauralee,Perrine
3268,Loreta,Curren
3269,Teresa,Strawn
3270,Belinda,Partain
3271,Holly,Eudy
3272,Many,Cuccia
3273,Libbie,Dalby
3274,Lester,Prothro
3275,Marvel,Hail
3276,Angelyn,Vong
3277,Francesca,Beaudreau
3278,Garth,Gangi
3279,Carla,Trumbull
3280,Veta,Muntz
3281,Stasia,Becker
3282,Jona,Grindle
3283,Judie,Claywell
3284,Dewitt,Borger
3285,Nena,Hacker
3286,Kelsie,Wachtel
3287,Sau,Pfau
3288,Shanice,Mccrystal
3289,Chase,Karner
3290,Tommie,Underdahl
3291,Dorcas,Darity
3292,Angel,Sanor
3293,Willodean,Harn
3294,Weston,Martina
3295,Roma,Lafollette
3296,Felisa,Cail
3297,Demetria,Abbey
3298,Jeromy,Danz
3299,Rasheeda,Alkire
3300,Dulce,Abril
3301,Mara,Hashimoto
3302,Philip,Gent
3303,Kathleen,Hanner
3304,Nereida,Magwood
3305,Gaston,Brumm
3306,Etta,Hurn
3307,Earlean,Melgar
3308,Vincenza,Weiland
3309,Fallon,Winward
3310,Arcelia,Bouska
3311,Franklyn,Unknow
3312,Sherron,Ascencio
3313,Marcel,Zabriskie
3314,Kina,Hazelton
3315,Shavonne,Pia
3316,Shavon,Benito
3317,Lauralee,Perrine
3318,Loreta,Curren
3319,Teresa,Strawn
3320,Belinda,Partain
3321,Holly,Eudy
3322,Many,Cuccia
3323,Libbie,Dalby
3324,Lester,Prothro
3325,Marvel,Hail
3326,Angelyn,Vong
3327,Francesca,Beaudreau
3328,Garth,Gangi
3329,Carla,Trumbull
3330,Veta,Muntz
3331,Stasia,Becker
3332,Jona,Grindle
3333,Judie,Claywell
3334,Dewitt,Borger
3335,Nena,Hacker
3336,Kelsie,Wachtel
3337,Sau,Pfau
3338,Shanice,Mccrystal
3339,Chase,Karner
3340,Tommie,Underdahl
3341,Dorcas,Darity
3342,Angel,Sanor
3343,Willodean,Harn
3344,Weston,Martina
3345,Roma,Lafollette
3346,Felisa,Cail
3347,Demetria,Abbey
3348,Jeromy,Danz
3349,Rasheeda,Alkire
3350,Dulce,Abril
3351,Mara,Hashimoto
3352,Philip,Gent
3353,Kathleen,Hanner
3354,Nereida,Magwood
3355,Gaston,Brumm
3356,Etta,Hurn
3357,Earlean,Melgar
3358,Vincenza,Weiland
3359,Fallon,Winward
3360,Arcelia,Bouska
3361,Franklyn,Unknow
3362,Sherron,Ascencio
3363,Marcel,Zabriskie
3364,Kina,Hazelton
3365,Shavonne,Pia
3366,Shavon,Benito
3367,Lauralee,Perrine
3368,Loreta,Curren
3369,Teresa,Strawn
3370,Belinda,Partain
3371,Holly,Eudy
3372,Many,Cuccia
3373,Libbie,Dalby
3374,Lester,Prothro
3375,Marvel,Hail
3376,Angelyn,Vong
3377,Francesca,Beaudreau
3378,Garth,Gangi
3379,Carla,Trumbull
3380,Veta,Muntz
3381,Stasia,Becker
3382,Jona,Grindle
3383,Judie,Claywell
3384,Dewitt,Borger
3385,Nena,Hacker
3386,Kelsie,Wachtel
3387,Sau,Pfau
3388,Shanice,Mccrystal
3389,Chase,Karner
3390,Tommie,Underdahl
3391,Dorcas,Darity
3392,Angel,Sanor
3393,Willodean,Harn
3394,Weston,Martina
3395,Roma,Lafollette
3396,Felisa,Cail
3397,Demetria,Abbey
3398,Jeromy,Danz
3399,Rasheeda,Alkire
3400,Dulce,Abril
3401,Mara,Hashimoto
3402,Philip,Gent
3403,Kathleen,Hanner
3404,Nereida,Magwood
3405,Gaston,Brumm
3406,Etta,Hurn
3407,Earlean,Melgar
3408,Vincenza,Weiland
3409,Fallon,Winward
3410,Arcelia,Bouska
3411,Franklyn,Unknow
3412,Sherron,Ascencio
3413,Marcel,Zabriskie
3414,Kina,Hazelton
3415,Shavonne,Pia
3416,Shavon,Benito
3417,Lauralee,Perrine
3418,Loreta,Curren
3419,Teresa,Strawn
3420,Belinda,Partain
3421,Holly,Eudy
3422,Many,Cuccia
3423,Libbie,Dalby
3424,Lester,Prothro
3425,Marvel,Hail
3426,Angelyn,Vong
3427,Francesca,Beaudreau
3428,Garth,Gangi
3429,Carla,Trumbull
3430,Veta,Muntz
3431,Stasia,Becker
3432,Jona,Grindle
3433,Judie,Claywell
3434,Dewitt,Borger
3435,Nena,Hacker
3436,Kelsie,Wachtel
3437,Sau,Pfau
3438,Shanice,Mccrystal
3439,Chase,Karner
3440,Tommie,Underdahl
3441,Dorcas,Darity
3442,Angel,Sanor
3443,Willodean,Harn
3444,Weston,Martina
3445,Roma,Lafollette
3446,Felisa,Cail
3447,Demetria,Abbey
3448,Jeromy,Danz
3449,Rasheeda,Alkire
3450,Dulce,Abril
3451,Mara,Hashimoto
3452,Philip,Gent
3453,Kathleen,Hanner
3454,Nereida,Magwood
3455,Gaston,Brumm
3456,Etta,Hurn
3457,Earlean,Melgar
3458,Vincenza,Weiland
3459,Fallon,Winward
3460,Arcelia,Bouska
3461,Franklyn,Unknow
3462,Sherron,Ascencio
3463,Marcel,Zabriskie
3464,Kina,Hazelton
3465,Shavonne,Pia
3466,Shavon,Benito
3467,Lauralee,Perrine
3468,Loreta,Curren
3469,Teresa,Strawn
3470,Belinda,Partain
3471,Holly,Eudy
3472,Many,Cuccia
3473,Libbie,Dalby
3474,Lester,Prothro
3475,Marvel,Hail
3476,Angelyn,Vong
3477,Francesca,Beaudreau
3478,Garth,Gangi
3479,Carla,Trumbull
3480,Veta,Muntz
3481,Stasia,Becker
3482,Jona,Grindle
3483,Judie,Claywell
3484,Dewitt,Borger
3485,Nena,Hacker
3486,Kelsie,Wachtel
3487,Sau,Pfau
3488,Shanice,Mccrystal
3489,Chase,Karner
3490,Tommie,Underdahl
3491,Dorcas,Darity
3492,Angel,Sanor
3493,Willodean,Harn
3494,Weston,Martina
3495,Roma,Lafollette
3496,Felisa,Cail
3497,Demetria,Abbey
3498,Jeromy,Danz
3499,Rasheeda,Alkire
3500,Dulce,Abril
3501,Mara,Hashimoto
3502,Philip,Gent
3503,Kathleen,Hanner
3504,Nereida,Magwood
3505,Gaston,Brumm
3506,Etta,Hurn
3507,Earlean,Melgar
3508,Vincenza,Weiland
3509,Fallon,Winward
3510,Arcelia,Bouska
3511,Franklyn,Unknow
3512,Sherron,Ascencio
3513,Marcel,Zabriskie
3514,Kina,Hazelton
3515,Shavonne,Pia
3516,Shavon,Benito
3517,Lauralee,Perrine
3518,Loreta,Curren
3519,Teresa,Strawn
3520,Belinda,Partain
3521,Holly,Eudy
3522,Many,Cuccia
3523,Libbie,Dalby
3524,Lester,Prothro
3525,Marvel,Hail
3526,Angelyn,Vong
3527,Francesca,Beaudreau
3528,Garth,Gangi
3529,Carla,Trumbull
3530,Veta,Muntz
3531,Stasia,Becker
3532,Jona,Grindle
3533,Judie,Claywell
3534,Dewitt,Borger
3535,Nena,Hacker
3536,Kelsie,Wachtel
3537,Sau,Pfau
3538,Shanice,Mccrystal
3539,Chase,Karner
3540,Tommie,Underdahl
3541,Dorcas,Darity
3542,Angel,Sanor
3543,Willodean,Harn
3544,Weston,Martina
3545,Roma,Lafollette
3546,Felisa,Cail
3547,Demetria,Abbey
3548,Jeromy,Danz
3549,Rasheeda,Alkire
3550,Dulce,Abril
3551,Mara,Hashimoto
3552,Philip,Gent
3553,Kathleen,Hanner
3554,Nereida,Magwood
3555,Gaston,Brumm
3556,Etta,Hurn
3557,Earlean,Melgar
3558,Vincenza,Weiland
3559,Fallon,Winward
3560,Arcelia,Bouska
3561,Franklyn,Unknow
3562,Sherron,Ascencio
3563,Marcel,Zabriskie
3564,Kina,Hazelton
3565,Shavonne,Pia
3566,Shavon,Benito
3567,Lauralee,Perrine
3568,Loreta,Curren
3569,Teresa,Strawn
3570,Belinda,Partain
3571,Holly,Eudy
3572,Many,Cuccia
3573,Libbie,Dalby
3574,Lester,Prothro
3575,Marvel,Hail
3576,Angelyn,Vong
3577,Francesca,Beaudreau
3578,Garth,Gangi
3579,Carla,Trumbull
3580,Veta,Muntz
3581,Stasia,Becker
3582,Jona,Grindle
3583,Judie,Claywell
3584,Dewitt,Borger
3585,Nena,Hacker
3586,Kelsie,Wachtel
3587,Sau,Pfau
3588,Shanice,Mccrystal
3589,Chase,Karner
3590,Tommie,Underdahl
3591,Dorcas,Darity
3592,Angel,Sanor
3593,Willodean,Harn
3594,Weston,Martina
3595,Roma,Lafollette
3596,Felisa,Cail
3597,Demetria,Abbey
3598,Jeromy,Danz
3599,Rasheeda,Alkire
3600,Dulce,Abril
3601,Mara,Hashimoto
3602,Philip,Gent
3603,Kathleen,Hanner
3604,Nereida,Magwood
3605,Gaston,Brumm
3606,Etta,Hurn
3607,Earlean,Melgar
3608,Vincenza,Weiland
3609,Fallon,Winward
3610,Arcelia,Bouska
3611,Franklyn,Unknow
3612,Sherron,Ascencio
3613,Marcel,Zabriskie
3614,Kina,Hazelton
3615,Shavonne,Pia
3616,Shavon,Benito
3617,Lauralee,Perrine
3618,Loreta,Curren
3619,Teresa,Strawn
3620,Belinda,Partain
3621,Holly,Eudy
3622,Many,Cuccia
3623,Libbie,Dalby
3624,Lester,Prothro
3625,Marvel,Hail
3626,Angelyn,Vong
3627,Francesca,Beaudreau
3628,Garth,Gangi
3629,Carla,Trumbull
3630,Veta,Muntz
3631,Stasia,Becker
3632,Jona,Grindle
3633,Judie,Claywell
3634,Dewitt,Borger
3635,Nena,Hacker
3636,Kelsie,Wachtel
3637,Sau,Pfau
3638,Shanice,Mccrystal
3639,Chase,Karner
3640,Tommie,Underdahl
3641,Dorcas,Darity
3642,Angel,Sanor
3643,Willodean,Harn
3644,Weston,Martina
3645,Roma,Lafollette
3646,Felisa,Cail
3647,Demetria,Abbey
3648,Jeromy,Danz
3649,Rasheeda,Alkire
3650,Dulce,Abril
3651,Mara,Hashimoto
3652,Philip,Gent
3653,Kathleen,Hanner
3654,Nereida,Magwood
3655,Gaston,Brumm
3656,Etta,Hurn
3657,Earlean,Melgar
3658,Vincenza,Weiland
3659,Fallon,Winward
3660,Arcelia,Bouska
3661,Franklyn,Unknow
3662,Sherron,Ascencio
3663,Marcel,Zabriskie
3664,Kina,Hazelton
3665,Shavonne,Pia
3666,Shavon,Benito
3667,Lauralee,Perrine
3668,Loreta,Curren
3669,Teresa,Strawn
3670,Belinda,Partain
3671,Holly,Eudy
3672,Many,Cuccia
3673,Libbie,Dalby
3674,Lester,Prothro
3675,Marvel,Hail
3676,Angelyn,Vong
3677,Francesca,Beaudreau
3678,Garth,Gangi
3679,Carla,Trumbull
3680,Veta,Muntz
3681,Stasia,Becker
3682,Jona,Grindle
3683,Judie,Claywell
3684,Dewitt,Borger
3685,Nena,Hacker
3686,Kelsie,Wachtel
3687,Sau,Pfau
3688,Shanice,Mccrystal
3689,Chase,Karner
3690,Tommie,Underdahl
3691,Dorcas,Darity
3692,Angel,Sanor
3693,Willodean,Harn
3694,Weston,Martina
3695,Roma,Lafollette
3696,Felisa,Cail
3697,Demetria,Abbey
3698,Jeromy,Danz
3699,Rasheeda,Alkire
3700,Dulce,Abril
3701,Mara,Hashimoto
3702,Philip,Gent
3703,Kathleen,Hanner
3704,Nereida,Magwood
3705,Gaston,Brumm
3706,Etta,Hurn
3707,Earlean,Melgar
3708,Vincenza,Weiland
3709,Fallon,Winward
3710,Arcelia,Bouska
3711,Franklyn,Unknow
3712,Sherron,Ascencio
3713,Marcel,Zabriskie
3714,Kina,Hazelton
3715,Shavonne,Pia
3716,Shavon,Benito
3717,Lauralee,Perrine
3718,Loreta,Curren
3719,Teresa,Strawn
3720,Belinda,Partain
3721,Holly,Eudy
3722,Many,Cuccia
3723,Libbie,Dalby
3724,Lester,Prothro
3725,Marvel,Hail
3726,Angelyn,Vong
3727,Francesca,Beaudreau
3728,Garth,Gangi
3729,Carla,Trumbull
3730,Veta,Muntz
3731,Stasia,Becker
3732,Jona,Grindle
3733,Judie,Claywell
3734,Dewitt,Borger
3735,Nena,Hacker
3736,Kelsie,Wachtel
3737,Sau,Pfau
3738,Shanice,Mccrystal
3739,Chase,Karner
3740,Tommie,Underdahl
3741,Dorcas,Darity
3742,Angel,Sanor
3743,Willodean,Harn
3744,Weston,Martina
3745,Roma,Lafollette
3746,Felisa,Cail
3747,Demetria,Abbey
3748,Jeromy,Danz
3749,Rasheeda,Alkire
3750,Dulce,Abril
3751,Mara,Hashimoto
3752,Philip,Gent
3753,Kathleen,Hanner
3754,Nereida,Magwood
3755,Gaston,Brumm
3756,Etta,Hurn
3757,Earlean,Melgar
3758,Vincenza,Weiland
3759,Fallon,Winward
3760,Arcelia,Bouska
3761,Franklyn,Unknow
3762,Sherron,Ascencio
3763,Marcel,Zabriskie
3764,Kina,Hazelton
3765,Shavonne,Pia
3766,Shavon,Benito
3767,Lauralee,Perrine
3768,Loreta,Curren
3769,Teresa,Strawn
3770,Belinda,Partain
3771,Holly,Eudy
3772,Many,Cuccia
3773,Libbie,Dalby
3774,Lester,Prothro
3775,Marvel,Hail
3776,Angelyn,Vong
3777,Francesca,Beaudreau
3778,Garth,Gangi
3779,Carla,Trumbull
3780,Veta,Muntz
3781,Stasia,Becker
3782,Jona,Grindle
3783,Judie,Claywell
3784,Dewitt,Borger
3785,Nena,Hacker
3786,Kelsie,Wachtel
3787,Sau,Pfau
3788,Shanice,Mccrystal
3789,Chase,Karner
3790,Tommie,Underdahl
3791,Dorcas,Darity
3792,Angel,Sanor
3793,Willodean,Harn
3794,Weston,Martina
3795,Roma,Lafollette
3796,Felisa,Cail
3797,Demetria,Abbey
3798,Jeromy,Danz
3799,Rasheeda,Alkire
3800,Dulce,Abril
3801,Mara,Hashimoto
3802,Philip,Gent
3803,Kathleen,Hanner
3804,Nereida,Magwood
3805,Gaston,Brumm
3806,Etta,Hurn
3807,Earlean,Melgar
3808,Vincenza,Weiland
3809,Fallon,Winward
3810,Arcelia,Bouska
3811,Franklyn,Unknow
3812,Sherron,Ascencio
3813,Marcel,Zabriskie
3814,Kina,Hazelton
3815,Shavonne,Pia
3816,Shavon,Benito
3817,Lauralee,Perrine
3818,Loreta,Curren
3819,Teresa,Strawn
3820,Belinda,Partain
3821,Holly,Eudy
3822,Many,Cuccia
3823,Libbie,Dalby
3824,Lester,Prothro
3825,Marvel,Hail
3826,Angelyn,Vong
3827,Francesca,Beaudreau
3828,Garth,Gangi
3829,Carla,Trumbull
3830,Veta,Muntz
3831,Stasia,Becker
3832,Jona,Grindle
3833,Judie,Claywell
3834,Dewitt,Borger
3835,Nena,Hacker
3836,Kelsie,Wachtel
3837,Sau,Pfau
3838,Shanice,Mccrystal
3839,Chase,Karner
3840,Tommie,Underdahl
3841,Dorcas,Darity
3842,Angel,Sanor
3843,Willodean,Harn
3844,Weston,Martina
3845,Roma,Lafollette
3846,Felisa,Cail
3847,Demetria,Abbey
3848,Jeromy,Danz
3849,Rasheeda,Alkire
3850,Dulce,Abril
3851,Mara,Hashimoto
3852,Philip,Gent
3853,Kathleen,Hanner
3854,Nereida,Magwood
3855,Gaston,Brumm
3856,Etta,Hurn
3857,Earlean,Melgar
3858,Vincenza,Weiland
3859,Fallon,Winward
3860,Arcelia,Bouska
3861,Franklyn,Unknow
3862,Sherron,Ascencio
3863,Marcel,Zabriskie
3864,Kina,Hazelton
3865,Shavonne,Pia
3866,Shavon,Benito
3867,Lauralee,Perrine
3868,Loreta,Curren
3869,Teresa,Strawn
3870,Belinda,Partain
3871,Holly,Eudy
3872,Many,Cuccia
3873,Libbie,Dalby
3874,Lester,Prothro
3875,Marvel,Hail
3876,Angelyn,Vong
3877,Francesca,Beaudreau
3878,Garth,Gangi
3879,Carla,Trumbull
3880,Veta,Muntz
3881,Stasia,Becker
3882,Jona,Grindle
3883,Judie,Claywell
3884,Dewitt,Borger
3885,Nena,Hacker
3886,Kelsie,Wachtel
3887,Sau,Pfau
3888,Shanice,Mccrystal
3889,Chase,Karner
3890,Tommie,Underdahl
3891,Dorcas,Darity
3892,Angel,Sanor
3893,Willodean,Harn
3894,Weston,Martina
3895,Roma,Lafollette
3896,Felisa,Cail
3897,Demetria,Abbey
3898,Jeromy,Danz
3899,Rasheeda,Alkire
3900,Dulce,Abril
3901,Mara,Hashimoto
3902,Philip,Gent
3903,Kathleen,Hanner
3904,Nereida,Magwood
3905,Gaston,Brumm
3906,Etta,Hurn
3907,Earlean,Melgar
3908,Vincenza,Weiland
3909,Fallon,Winward
3910,Arcelia,Bouska
3911,Franklyn,Unknow
3912,Sherron,Ascencio
3913,Marcel,Zabriskie
3914,Kina,Hazelton
3915,Shavonne,Pia
3916,Shavon,Benito
3917,Lauralee,Perrine
3918,Loreta,Curren
3919,Teresa,Strawn
3920,Belinda,Partain
3921,Holly,Eudy
3922,Many,Cuccia
3923,Libbie,Dalby
3924,Lester,Prothro
3925,Marvel,Hail
3926,Angelyn,Vong
3927,Francesca,Beaudreau
3928,Garth,Gangi
3929,Carla,Trumbull
3930,Veta,Muntz
3931,Stasia,Becker
3932,Jona,Grindle
3933,Judie,Claywell
3934,Dewitt,Borger
3935,Nena,Hacker
3936,Kelsie,Wachtel
3937,Sau,Pfau
3938,Shanice,Mccrystal
3939,Chase,Karner
3940,Tommie,Underdahl
3941,Dorcas,Darity
3942,Angel,Sanor
3943,Willodean,Harn
3944,Weston,Martina
3945,Roma,Lafollette
3946,Felisa,Cail
3947,Demetria,Abbey
3948,Jeromy,Danz
3949,Rasheeda,Alkire
3950,Dulce,Abril
3951,Mara,Hashimoto
3952,Philip,Gent
3953,Kathleen,Hanner
3954,Nereida,Magwood
3955,Gaston,Brumm
3956,Etta,Hurn
3957,Earlean,Melgar
3958,Vincenza,Weiland
3959,Fallon,Winward
3960,Arcelia,Bouska
3961,Franklyn,Unknow
3962,Sherron,Ascencio
3963,Marcel,Zabriskie
3964,Kina,Hazelton
3965,Shavonne,Pia
3966,Shavon,Benito
3967,Lauralee,Perrine
3968,Loreta,Curren
3969,Teresa,Strawn
3970,Belinda,Partain
3971,Holly,Eudy
3972,Many,Cuccia
3973,Libbie,Dalby
3974,Lester,Prothro
3975,Marvel,Hail
3976,Angelyn,Vong
3977,Francesca,Beaudreau
3978,Garth,Gangi
3979,Carla,Trumbull
3980,Veta,Muntz
3981,Stasia,Becker
3982,Jona,Grindle
3983,Judie,Claywell
3984,Dewitt,Borger
3985,Nena,Hacker
3986,Kelsie,Wachtel
3987,Sau,Pfau
3988,Shanice,Mccrystal
3989,Chase,Karner
3990,Tommie,Underdahl
3991,Dorcas,Darity
3992,Angel,Sanor
3993,Willodean,Harn
3994,Weston,Martina
3995,Roma,Lafollette
3996,Felisa,Cail
3997,Demetria,Abbey
3998,Jeromy,Danz
3999,Rasheeda,Alkire
4000,Dulce,Abril
4001,Mara,Hashimoto
4002,Philip,Gent
4003,Kathleen,Hanner
4004,Nereida,Magwood
4005,Gaston,Brumm
4006,Etta,Hurn
4007,Earlean,Melgar
4008,Vincenza,Weiland
4009,Fallon,Winward
4010,Arcelia,Bouska
4011,Franklyn,Unknow
4012,Sherron,Ascencio
4013,Marcel,Zabriskie
4014,Kina,Hazelton
4015,Shavonne,Pia
4016,Shavon,Benito
4017,Lauralee,Perrine
4018,Loreta,Curren
4019,Teresa,Strawn
4020,Belinda,Partain
4021,Holly,Eudy
4022,Many,Cuccia
4023,Libbie,Dalby
4024,Lester,Prothro
4025,Marvel,Hail
4026,Angelyn,Vong
4027,Francesca,Beaudreau
4028,Garth,Gangi
4029,Carla,Trumbull
4030,Veta,Muntz
4031,Stasia,Becker
4032,Jona,Grindle
4033,Judie,Claywell
4034,Dewitt,Borger
4035,Nena,Hacker
4036,Kelsie,Wachtel
4037,Sau,Pfau
4038,Shanice,Mccrystal
4039,Chase,Karner
4040,Tommie,Underdahl
4041,Dorcas,Darity
4042,Angel,Sanor
4043,Willodean,Harn
4044,Weston,Martina
4045,Roma,Lafollette
4046,Felisa,Cail
4047,Demetria,Abbey
4048,Jeromy,Danz
4049,Rasheeda,Alkire
4050,Dulce,Abril
4051,Mara,Hashimoto
4052,Philip,Gent
4053,Kathleen,Hanner
4054,Nereida,Magwood
4055,Gaston,Brumm
4056,Etta,Hurn
4057,Earlean,Melgar
4058,Vincenza,Weiland
4059,Fallon,Winward
4060,Arcelia,Bouska
4061,Franklyn,Unknow
4062,Sherron,Ascencio
4063,Marcel,Zabriskie
4064,Kina,Hazelton
4065,Shavonne,Pia
4066,Shavon,Benito
4067,Lauralee,Perrine
4068,Loreta,Curren
4069,Teresa,Strawn
4070,Belinda,Partain
4071,Holly,Eudy
4072,Many,Cuccia
4073,Libbie,Dalby
4074,Lester,Prothro
4075,Marvel,Hail
4076,Angelyn,Vong
4077,Francesca,Beaudreau
4078,Garth,Gangi
4079,Carla,Trumbull
4080,Veta,Muntz
4081,Stasia,Becker
4082,Jona,Grindle
4083,Judie,Claywell
4084,Dewitt,Borger
4085,Nena,Hacker
4086,Kelsie,Wachtel
4087,Sau,Pfau
4088,Shanice,Mccrystal
4089,Chase,Karner
4090,Tommie,Underdahl
4091,Dorcas,Darity
4092,Angel,Sanor
4093,Willodean,Harn
4094,Weston,Martina
4095,Roma,Lafollette
4096,Felisa,Cail
4097,Demetria,Abbey
4098,Jeromy,Danz
4099,Rasheeda,Alkire
4100,Dulce,Abril
4101,Mara,Hashimoto
4102,Philip,Gent
4103,Kathleen,Hanner
4104,Nereida,Magwood
4105,Gaston,Brumm
4106,Etta,Hurn
4107,Earlean,Melgar
4108,Vincenza,Weiland
4109,Fallon,Winward
4110,Arcelia,Bouska
4111,Franklyn,Unknow
4112,Sherron,Ascencio
4113,Marcel,Zabriskie
4114,Kina,Hazelton
4115,Shavonne,Pia
4116,Shavon,Benito
4117,Lauralee,Perrine
4118,Loreta,Curren
4119,Teresa,Strawn
4120,Belinda,Partain
4121,Holly,Eudy
4122,Many,Cuccia
4123,Libbie,Dalby
4124,Lester,Prothro
4125,Marvel,Hail
4126,Angelyn,Vong
4127,Francesca,Beaudreau
4128,Garth,Gangi
4129,Carla,Trumbull
4130,Veta,Muntz
4131,Stasia,Becker
4132,Jona,Grindle
4133,Judie,Claywell
4134,Dewitt,Borger
4135,Nena,Hacker
4136,Kelsie,Wachtel
4137,Sau,Pfau
4138,Shanice,Mccrystal
4139,Chase,Karner
4140,Tommie,Underdahl
4141,Dorcas,Darity
4142,Angel,Sanor
4143,Willodean,Harn
4144,Weston,Martina
4145,Roma,Lafollette
4146,Felisa,Cail
4147,Demetria,Abbey
4148,Jeromy,Danz
4149,Rasheeda,Alkire
4150,Dulce,Abril
4151,Mara,Hashimoto
4152,Philip,Gent
4153,Kathleen,Hanner
4154,Nereida,Magwood
4155,Gaston,Brumm
4156,Etta,Hurn
4157,Earlean,Melgar
4158,Vincenza,Weiland
4159,Fallon,Winward
4160,Arcelia,Bouska
4161,Franklyn,Unknow
4162,Sherron,Ascencio
4163,Marcel,Zabriskie
4164,Kina,Hazelton
4165,Shavonne,Pia
4166,Shavon,Benito
4167,Lauralee,Perrine
4168,Loreta,Curren
4169,Teresa,Strawn
4170,Belinda,Partain
4171,Holly,Eudy
4172,Many,Cuccia
4173,Libbie,Dalby
4174,Lester,Prothro
4175,Marvel,Hail
4176,Angelyn,Vong
4177,Francesca,Beaudreau
4178,Garth,Gangi
4179,Carla,Trumbull
4180,Veta,Muntz
4181,Stasia,Becker
4182,Jona,Grindle
4183,Judie,Claywell
4184,Dewitt,Borger
4185,Nena,Hacker
4186,Kelsie,Wachtel
4187,Sau,Pfau
4188,Shanice,Mccrystal
4189,Chase,Karner
4190,Tommie,Underdahl
4191,Dorcas,Darity
4192,Angel,Sanor
4193,Willodean,Harn
4194,Weston,Martina
4195,Roma,Lafollette
4196,Felisa,Cail
4197,Demetria,Abbey
4198,Jeromy,Danz
4199,Rasheeda,Alkire
4200,Dulce,Abril
4201,Mara,Hashimoto
4202,Philip,Gent
4203,Kathleen,Hanner
4204,Nereida,Magwood
4205,Gaston,Brumm
4206,Etta,Hurn
4207,Earlean,Melgar
4208,Vincenza,Weiland
4209,Fallon,Winward
4210,Arcelia,Bouska
4211,Franklyn,Unknow
4212,Sherron,Ascencio
4213,Marcel,Zabriskie
4214,Kina,Hazelton
4215,Shavonne,Pia
4216,Shavon,Benito
4217,Lauralee,Perrine
4218,Loreta,Curren
4219,Teresa,Strawn
4220,Belinda,Partain
4221,Holly,Eudy
4222,Many,Cuccia
4223,Libbie,Dalby
4224,Lester,Prothro
4225,Marvel,Hail
4226,Angelyn,Vong
4227,Francesca,Beaudreau
4228,Garth,Gangi
4229,Carla,Trumbull
4230,Veta,Muntz
4231,Stasia,Becker
4232,Jona,Grindle
4233,Judie,Claywell
4234,Dewitt,Borger
4235,Nena,Hacker
4236,Kelsie,Wachtel
4237,Sau,Pfau
4238,Shanice,Mccrystal
4239,Chase,Karner
4240,Tommie,Underdahl
4241,Dorcas,Darity
4242,Angel,Sanor
4243,Willodean,Harn
4244,Weston,Martina
4245,Roma,Lafollette
4246,Felisa,Cail
4247,Demetria,Abbey
4248,Jeromy,Danz
4249,Rasheeda,Alkire
4250,Dulce,Abril
4251,Mara,Hashimoto
4252,Philip,Gent
4253,Kathleen,Hanner
4254,Nereida,Magwood
4255,Gaston,Brumm
4256,Etta,Hurn
4257,Earlean,Melgar
4258,Vincenza,Weiland
4259,Fallon,Winward
4260,Arcelia,Bouska
4261,Franklyn,Unknow
4262,Sherron,Ascencio
4263,Marcel,Zabriskie
4264,Kina,Hazelton
4265,Shavonne,Pia
4266,Shavon,Benito
4267,Lauralee,Perrine
4268,Loreta,Curren
4269,Teresa,Strawn
4270,Belinda,Partain
4271,Holly,Eudy
4272,Many,Cuccia
4273,Libbie,Dalby
4274,Lester,Prothro
4275,Marvel,Hail
4276,Angelyn,Vong
4277,Francesca,Beaudreau
4278,Garth,Gangi
4279,Carla,Trumbull
4280,Veta,Muntz
4281,Stasia,Becker
4282,Jona,Grindle
4283,Judie,Claywell
4284,Dewitt,Borger
4285,Nena,Hacker
4286,Kelsie,Wachtel
4287,Sau,Pfau
4288,Shanice,Mccrystal
4289,Chase,Karner
4290,Tommie,Underdahl
4291,Dorcas,Darity
4292,Angel,Sanor
4293,Willodean,Harn
4294,Weston,Martina
4295,Roma,Lafollette
4296,Felisa,Cail
4297,Demetria,Abbey
4298,Jeromy,Danz
4299,Rasheeda,Alkire
4300,Dulce,Abril
4301,Mara,Hashimoto
4302,Philip,Gent
4303,Kathleen,Hanner
4304,Nereida,Magwood
4305,Gaston,Brumm
4306,Etta,Hurn
4307,Earlean,Melgar
4308,Vincenza,Weiland
4309,Fallon,Winward
4310,Arcelia,Bouska
4311,Franklyn,Unknow
4312,Sherron,Ascencio
4313,Marcel,Zabriskie
4314,Kina,Hazelton
4315,Shavonne,Pia
4316,Shavon,Benito
4317,Lauralee,Perrine
4318,Loreta,Curren
4319,Teresa,Strawn
4320,Belinda,Partain
4321,Holly,Eudy
4322,Many,Cuccia
4323,Libbie,Dalby
4324,Lester,Prothro
4325,Marvel,Hail
4326,Angelyn,Vong
4327,Francesca,Beaudreau
4328,Garth,Gangi
4329,Carla,Trumbull
4330,Veta,Muntz
4331,Stasia,Becker
4332,Jona,Grindle
4333,Judie,Claywell
4334,Dewitt,Borger
4335,Nena,Hacker
4336,Kelsie,Wachtel
4337,Sau,Pfau
4338,Shanice,Mccrystal
4339,Chase,Karner
4340,Tommie,Underdahl
4341,Dorcas,Darity
4342,Angel,Sanor
4343,Willodean,Harn
4344,Weston,Martina
4345,Roma,Lafollette
4346,Felisa,Cail
4347,Demetria,Abbey
4348,Jeromy,Danz
4349,Rasheeda,Alkire
4350,Dulce,Abril
4351,Mara,Hashimoto
4352,Philip,Gent
4353,Kathleen,Hanner
4354,Nereida,Magwood
4355,Gaston,Brumm
4356,Etta,Hurn
4357,Earlean,Melgar
4358,Vincenza,Weiland
4359,Fallon,Winward
4360,Arcelia,Bouska
4361,Franklyn,Unknow
4362,Sherron,Ascencio
4363,Marcel,Zabriskie
4364,Kina,Hazelton
4365,Shavonne,Pia
4366,Shavon,Benito
4367,Lauralee,Perrine
4368,Loreta,Curren
4369,Teresa,Strawn
4370,Belinda,Partain
4371,Holly,Eudy
4372,Many,Cuccia
4373,Libbie,Dalby
4374,Lester,Prothro
4375,Marvel,Hail
4376,Angelyn,Vong
4377,Francesca,Beaudreau
4378,Garth,Gangi
4379,Carla,Trumbull
4380,Veta,Muntz
4381,Stasia,Becker
4382,Jona,Grindle
4383,Judie,Claywell
4384,Dewitt,Borger
4385,Nena,Hacker
4386,Kelsie,Wachtel
4387,Sau,Pfau
4388,Shanice,Mccrystal
4389,Chase,Karner
4390,Tommie,Underdahl
4391,Dorcas,Darity
4392,Angel,Sanor
4393,Willodean,Harn
4394,Weston,Martina
4395,Roma,Lafollette
4396,Felisa,Cail
4397,Demetria,Abbey
4398,Jeromy,Danz
4399,Rasheeda,Alkire
4400,Dulce,Abril
4401,Mara,Hashimoto
4402,Philip,Gent
4403,Kathleen,Hanner
4404,Nereida,Magwood
4405,Gaston,Brumm
4406,Etta,Hurn
4407,Earlean,Melgar
4408,Vincenza,Weiland
4409,Fallon,Winward
4410,Arcelia,Bouska
4411,Franklyn,Unknow
4412,Sherron,Ascencio
4413,Marcel,Zabriskie
4414,Kina,Hazelton
4415,Shavonne,Pia
4416,Shavon,Benito
4417,Lauralee,Perrine
4418,Loreta,Curren
4419,Teresa,Strawn
4420,Belinda,Partain
4421,Holly,Eudy
4422,Many,Cuccia
4423,Libbie,Dalby
4424,Lester,Prothro
4425,Marvel,Hail
4426,Angelyn,Vong
4427,Francesca,Beaudreau
4428,Garth,Gangi
4429,Carla,Trumbull
4430,Veta,Muntz
4431,Stasia,Becker
4432,Jona,Grindle
4433,Judie,Claywell
4434,Dewitt,Borger
4435,Nena,Hacker
4436,Kelsie,Wachtel
4437,Sau,Pfau
4438,Shanice,Mccrystal
4439,Chase,Karner
4440,Tommie,Underdahl
4441,Dorcas,Darity
4442,Angel,Sanor
4443,Willodean,Harn
4444,Weston,Martina
4445,Roma,Lafollette
4446,Felisa,Cail
4447,Demetria,Abbey
4448,Jeromy,Danz
4449,Rasheeda,Alkire
4450,Dulce,Abril
4451,Mara,Hashimoto
4452,Philip,Gent
4453,Kathleen,Hanner
4454,Nereida,Magwood
4455,Gaston,Brumm
4456,Etta,Hurn
4457,Earlean,Melgar
4458,Vincenza,Weiland
4459,Fallon,Winward
4460,Arcelia,Bouska
4461,Franklyn,Unknow
4462,Sherron,Ascencio
4463,Marcel,Zabriskie
4464,Kina,Hazelton
4465,Shavonne,Pia
4466,Shavon,Benito
4467,Lauralee,Perrine
4468,Loreta,Curren
4469,Teresa,Strawn
4470,Belinda,Partain
4471,Holly,Eudy
4472,Many,Cuccia
4473,Libbie,Dalby
4474,Lester,Prothro
4475,Marvel,Hail
4476,Angelyn,Vong
4477,Francesca,Beaudreau
4478,Garth,Gangi
4479,Carla,Trumbull
4480,Veta,Muntz
4481,Stasia,Becker
4482,Jona,Grindle
4483,Judie,Claywell
4484,Dewitt,Borger
4485,Nena,Hacker
4486,Kelsie,Wachtel
4487,Sau,Pfau
4488,Shanice,Mccrystal
4489,Chase,Karner
4490,Tommie,Underdahl
4491,Dorcas,Darity
4492,Angel,Sanor
4493,Willodean,Harn
4494,Weston,Martina
4495,Roma,Lafollette
4496,Felisa,Cail
4497,Demetria,Abbey
4498,Jeromy,Danz
4499,Rasheeda,Alkire
4500,Dulce,Abril
4501,Mara,Hashimoto
4502,Philip,Gent
4503,Kathleen,Hanner
4504,Nereida,Magwood
4505,Gaston,Brumm
4506,Etta,Hurn
4507,Earlean,Melgar
4508,Vincenza,Weiland
4509,Fallon,Winward
4510,Arcelia,Bouska
4511,Franklyn,Unknow
4512,Sherron,Ascencio
4513,Marcel,Zabriskie
4514,Kina,Hazelton
4515,Shavonne,Pia
4516,Shavon,Benito
4517,Lauralee,Perrine
4518,Loreta,Curren
4519,Teresa,Strawn
4520,Belinda,Partain
4521,Holly,Eudy
4522,Many,Cuccia
4523,Libbie,Dalby
4524,Lester,Prothro
4525,Marvel,Hail
4526,Angelyn,Vong
4527,Francesca,Beaudreau
4528,Garth,Gangi
4529,Carla,Trumbull
4530,Veta,Muntz
4531,Stasia,Becker
4532,Jona,Grindle
4533,Judie,Claywell
4534,Dewitt,Borger
4535,Nena,Hacker
4536,Kelsie,Wachtel
4537,Sau,Pfau
4538,Shanice,Mccrystal
4539,Chase,Karner
4540,Tommie,Underdahl
4541,Dorcas,Darity
4542,Angel,Sanor
4543,Willodean,Harn
4544,Weston,Martina
4545,Roma,Lafollette
4546,Felisa,Cail
4547,Demetria,Abbey
4548,Jeromy,Danz
4549,Rasheeda,Alkire
4550,Dulce,Abril
4551,Mara,Hashimoto
4552,Philip,Gent
4553,Kathleen,Hanner
4554,Nereida,Magwood
4555,Gaston,Brumm
4556,Etta,Hurn
4557,Earlean,Melgar
4558,Vincenza,Weiland
4559,Fallon,Winward
4560,Arcelia,Bouska
4561,Franklyn,Unknow
4562,Sherron,Ascencio
4563,Marcel,Zabriskie
4564,Kina,Hazelton
4565,Shavonne,Pia
4566,Shavon,Benito
4567,Lauralee,Perrine
4568,Loreta,Curren
4569,Teresa,Strawn
4570,Belinda,Partain
4571,Holly,Eudy
4572,Many,Cuccia
4573,Libbie,Dalby
4574,Lester,Prothro
4575,Marvel,Hail
4576,Angelyn,Vong
4577,Francesca,Beaudreau
4578,Garth,Gangi
4579,Carla,Trumbull
4580,Veta,Muntz
4581,Stasia,Becker
4582,Jona,Grindle
4583,Judie,Claywell
4584,Dewitt,Borger
4585,Nena,Hacker
4586,Kelsie,Wachtel
4587,Sau,Pfau
4588,Shanice,Mccrystal
4589,Chase,Karner
4590,Tommie,Underdahl
4591,Dorcas,Darity
4592,Angel,Sanor
4593,Willodean,Harn
4594,Weston,Martina
4595,Roma,Lafollette
4596,Felisa,Cail
4597,Demetria,Abbey
4598,Jeromy,Danz
4599,Rasheeda,Alkire
4600,Dulce,Abril
4601,Mara,Hashimoto
4602,Philip,Gent
4603,Kathleen,Hanner
4604,Nereida,Magwood
4605,Gaston,Brumm
4606,Etta,Hurn
4607,Earlean,Melgar
4608,Vincenza,Weiland
4609,Fallon,Winward
4610,Arcelia,Bouska
4611,Franklyn,Unknow
4612,Sherron,Ascencio
4613,Marcel,Zabriskie
4614,Kina,Hazelton
4615,Shavonne,Pia
4616,Shavon,Benito
4617,Lauralee,Perrine
4618,Loreta,Curren
4619,Teresa,Strawn
4620,Belinda,Partain
4621,Holly,Eudy
4622,Many,Cuccia
4623,Libbie,Dalby
4624,Lester,Prothro
4625,Marvel,Hail
4626,Angelyn,Vong
4627,Francesca,Beaudreau
4628,Garth,Gangi
4629,Carla,Trumbull
4630,Veta,Muntz
4631,Stasia,Becker
4632,Jona,Grindle
4633,Judie,Claywell
4634,Dewitt,Borger
4635,Nena,Hacker
4636,Kelsie,Wachtel
4637,Sau,Pfau
4638,Shanice,Mccrystal
4639,Chase,Karner
4640,Tommie,Underdahl
4641,Dorcas,Darity
4642,Angel,Sanor
4643,Willodean,Harn
4644,Weston,Martina
4645,Roma,Lafollette
4646,Felisa,Cail
4647,Demetria,Abbey
4648,Jeromy,Danz
4649,Rasheeda,Alkire
4650,Dulce,Abril
4651,Mara,Hashimoto
4652,Philip,Gent
4653,Kathleen,Hanner
4654,Nereida,Magwood
4655,Gaston,Brumm
4656,Etta,Hurn
4657,Earlean,Melgar
4658,Vincenza,Weiland
4659,Fallon,Winward
4660,Arcelia,Bouska
4661,Franklyn,Unknow
4662,Sherron,Ascencio
4663,Marcel,Zabriskie
4664,Kina,Hazelton
4665,Shavonne,Pia
4666,Shavon,Benito
4667,Lauralee,Perrine
4668,Loreta,Curren
4669,Teresa,Strawn
4670,Belinda,Partain
4671,Holly,Eudy
4672,Many,Cuccia
4673,Libbie,Dalby
4674,Lester,Prothro
4675,Marvel,Hail
4676,Angelyn,Vong
4677,Francesca,Beaudreau
4678,Garth,Gangi
4679,Carla,Trumbull
4680,Veta,Muntz
4681,Stasia,Becker
4682,Jona,Grindle
4683,Judie,Claywell
4684,Dewitt,Borger
4685,Nena,Hacker
4686,Kelsie,Wachtel
4687,Sau,Pfau
4688,Shanice,Mccrystal
4689,Chase,Karner
4690,Tommie,Underdahl
4691,Dorcas,Darity
4692,Angel,Sanor
4693,Willodean,Harn
4694,Weston,Martina
4695,Roma,Lafollette
4696,Felisa,Cail
4697,Demetria,Abbey
4698,Jeromy,Danz
4699,Rasheeda,Alkire
4700,Dulce,Abril
4701,Mara,Hashimoto
4702,Philip,Gent
4703,Kathleen,Hanner
4704,Nereida,Magwood
4705,Gaston,Brumm
4706,Etta,Hurn
4707,Earlean,Melgar
4708,Vincenza,Weiland
4709,Fallon,Winward
4710,Arcelia,Bouska
4711,Franklyn,Unknow
4712,Sherron,Ascencio
4713,Marcel,Zabriskie
4714,Kina,Hazelton
4715,Shavonne,Pia
4716,Shavon,Benito
4717,Lauralee,Perrine
4718,Loreta,Curren
4719,Teresa,Strawn
4720,Belinda,Partain
4721,Holly,Eudy
4722,Many,Cuccia
4723,Libbie,Dalby
4724,Lester,Prothro
4725,Marvel,Hail
4726,Angelyn,Vong
4727,Francesca,Beaudreau
4728,Garth,Gangi
4729,Carla,Trumbull
4730,Veta,Muntz
4731,Stasia,Becker
4732,Jona,Grindle
4733,Judie,Claywell
4734,Dewitt,Borger
4735,Nena,Hacker
4736,Kelsie,Wachtel
4737,Sau,Pfau
4738,Shanice,Mccrystal
4739,Chase,Karner
4740,Tommie,Underdahl
4741,Dorcas,Darity
4742,Angel,Sanor
4743,Willodean,Harn
4744,Weston,Martina
4745,Roma,Lafollette
4746,Felisa,Cail
4747,Demetria,Abbey
4748,Jeromy,Danz
4749,Rasheeda,Alkire
4750,Dulce,Abril
4751,Mara,Hashimoto
4752,Philip,Gent
4753,Kathleen,Hanner
4754,Nereida,Magwood
4755,Gaston,Brumm
4756,Etta,Hurn
4757,Earlean,Melgar
4758,Vincenza,Weiland
4759,Fallon,Winward
4760,Arcelia,Bouska
4761,Franklyn,Unknow
4762,Sherron,Ascencio
4763,Marcel,Zabriskie
4764,Kina,Hazelton
4765,Shavonne,Pia
4766,Shavon,Benito
4767,Lauralee,Perrine
4768,Loreta,Curren
4769,Teresa,Strawn
4770,Belinda,Partain
4771,Holly,Eudy
4772,Many,Cuccia
4773,Libbie,Dalby
4774,Lester,Prothro
4775,Marvel,Hail
4776,Angelyn,Vong
4777,Francesca,Beaudreau
4778,Garth,Gangi
4779,Carla,Trumbull
4780,Veta,Muntz
4781,Stasia,Becker
4782,Jona,Grindle
4783,Judie,Claywell
4784,Dewitt,Borger
4785,Nena,Hacker
4786,Kelsie,Wachtel
4787,Sau,Pfau
4788,Shanice,Mccrystal
4789,Chase,Karner
4790,Tommie,Underdahl
4791,Dorcas,Darity
4792,Angel,Sanor
4793,Willodean,Harn
4794,Weston,Martina
4795,Roma,Lafollette
4796,Felisa,Cail
4797,Demetria,Abbey
4798,Jeromy,Danz
4799,Rasheeda,Alkire
4800,Dulce,Abril
4801,Mara,Hashimoto
4802,Philip,Gent
4803,Kathleen,Hanner
4804,Nereida,Magwood
4805,Gaston,Brumm
4806,Etta,Hurn
4807,Earlean,Melgar
4808,Vincenza,Weiland
4809,Fallon,Winward
4810,Arcelia,Bouska
4811,Franklyn,Unknow
4812,Sherron,Ascencio
4813,Marcel,Zabriskie
4814,Kina,Hazelton
4815,Shavonne,Pia
4816,Shavon,Benito
4817,Lauralee,Perrine
4818,Loreta,Curren
4819,Teresa,Strawn
4820,Belinda,Partain
4821,Holly,Eudy
4822,Many,Cuccia
4823,Libbie,Dalby
4824,Lester,Prothro
4825,Marvel,Hail
4826,Angelyn,Vong
4827,Francesca,Beaudreau
4828,Garth,Gangi
4829,Carla,Trumbull
4830,Veta,Muntz
4831,Stasia,Becker
4832,Jona,Grindle
4833,Judie,Claywell
4834,Dewitt,Borger
4835,Nena,Hacker
4836,Kelsie,Wachtel
4837,Sau,Pfau
4838,Shanice,Mccrystal
4839,Chase,Karner
4840,Tommie,Underdahl
4841,Dorcas,Darity
4842,Angel,Sanor
4843,Willodean,Harn
4844,Weston,Martina
4845,Roma,Lafollette
4846,Felisa,Cail
4847,Demetria,Abbey
4848,Jeromy,Danz
4849,Rasheeda,Alkire
4850,Dulce,Abril
4851,Mara,Hashimoto
4852,Philip,Gent
4853,Kathleen,Hanner
4854,Nereida,Magwood
4855,Gaston,Brumm
4856,Etta,Hurn
4857,Earlean,Melgar
4858,Vincenza,Weiland
4859,Fallon,Winward
4860,Arcelia,Bouska
4861,Franklyn,Unknow
4862,Sherron,Ascencio
4863,Marcel,Zabriskie
4864,Kina,Hazelton
4865,Shavonne,Pia
4866,Shavon,Benito
4867,Lauralee,Perrine
4868,Loreta,Curren
4869,Teresa,Strawn
4870,Belinda,Partain
4871,Holly,Eudy
4872,Many,Cuccia
4873,Libbie,Dalby
4874,Lester,Prothro
4875,Marvel,Hail
4876,Angelyn,Vong
4877,Francesca,Beaudreau
4878,Garth,Gangi
4879,Carla,Trumbull
4880,Veta,Muntz
4881,Stasia,Becker
4882,Jona,Grindle
4883,Judie,Claywell
4884,Dewitt,Borger
4885,Nena,Hacker
4886,Kelsie,Wachtel
4887,Sau,Pfau
4888,Shanice,Mccrystal
4889,Chase,Karner
4890,Tommie,Underdahl
4891,Dorcas,Darity
4892,Angel,Sanor
4893,Willodean,Harn
4894,Weston,Martina
4895,Roma,Lafollette
4896,Felisa,Cail
4897,Demetria,Abbey
4898,Jeromy,Danz
4899,Rasheeda,Alkire
4900,Dulce,Abril
4901,Mara,Hashimoto
4902,Philip,Gent
4903,Kathleen,Hanner
4904,Nereida,Magwood
4905,Gaston,Brumm
4906,Etta,Hurn
4907,Earlean,Melgar
4908,Vincenza,Weiland
4909,Fallon,Winward
4910,Arcelia,Bouska
4911,Franklyn,Unknow
4912,Sherron,Ascencio
4913,Marcel,Zabriskie
4914,Kina,Hazelton
4915,Shavonne,Pia
4916,Shavon,Benito
4917,Lauralee,Perrine
4918,Loreta,Curren
4919,Teresa,Strawn
4920,Belinda,Partain
4921,Holly,Eudy
4922,Many,Cuccia
4923,Libbie,Dalby
4924,Lester,Prothro
4925,Marvel,Hail
4926,Angelyn,Vong
4927,Francesca,Beaudreau
4928,Garth,Gangi
4929,Carla,Trumbull
4930,Veta,Muntz
4931,Stasia,Becker
4932,Jona,Grindle
4933,Judie,Claywell
4934,Dewitt,Borger
4935,Nena,Hacker
4936,Kelsie,Wachtel
4937,Sau,Pfau
4938,Shanice,Mccrystal
4939,Chase,Karner
4940,Tommie,Underdahl
4941,Dorcas,Darity
4942,Angel,Sanor
4943,Willodean,Harn
4944,Weston,Martina
4945,Roma,Lafollette
4946,Felisa,Cail
4947,Demetria,Abbey
4948,Jeromy,Danz
4949,Rasheeda,Alkire
4950,Dulce,Abril
4951,Mara,Hashimoto
4952,Philip,Gent
4953,Kathleen,Hanner
4954,Nereida,Magwood
4955,Gaston,Brumm
4956,Etta,Hurn
4957,Earlean,Melgar
4958,Vincenza,Weiland
4959,Fallon,Winward
4960,Arcelia,Bouska
4961,Franklyn,Unknow
4962,Sherron,Ascencio
4963,Marcel,Zabriskie
4964,Kina,Hazelton
4965,Shavonne,Pia
4966,Shavon,Benito
4967,Lauralee,Perrine
4968,Loreta,Curren
4969,Teresa,Strawn
4970,Belinda,Partain
4971,Holly,Eudy
4972,Many,Cuccia
4973,Libbie,Dalby
4974,Lester,Prothro
4975,Marvel,Hail
4976,Angelyn,Vong
4977,Francesca,Beaudreau
4978,Garth,Gangi
4979,Carla,Trumbull
4980,Veta,Muntz
4981,Stasia,Becker
4982,Jona,Grindle
4983,Judie,Claywell
4984,Dewitt,Borger
4985,Nena,Hacker
4986,Kelsie,Wachtel
4987,Sau,Pfau
4988,Shanice,Mccrystal
4989,Chase,Karner
4990,Tommie,Underdahl
4991,Dorcas,Darity
4992,Angel,Sanor
4993,Willodean,Harn
4994,Weston,Martina
4995,Roma,Lafollette
4996,Felisa,Cail
4997,Demetria,Abbey
4998,Jeromy,Danz
4999,Rasheeda,Alkire
